AC-1F-09-FF-FE-06-7C-36,0x20080029c5e3677,-115,1658195910.4181223
AC-1F-09-FF-FE-06-7C-36,0x20080029c1ea300,-91,1658196967.5140705
AC-1F-09-FF-FE-06-7C-36,0x20080029c7b7b60,-101,1658196967.5199804
AC-1F-09-FF-FE-06-7C-36,0x20080029c5e3677,-114,1658196970.4924107
AC-1F-09-FF-FE-06-7C-36,0x20080029c7b7b60,-102,1658196970.5891712
AC-1F-09-FF-FE-06-7C-36,0x20080029c1ea300,-105,1658196973.5142817
AC-1F-09-FF-FE-06-7C-36,0x20080029c7b7b60,-103,1658196973.5177379
AC-1F-09-FF-FE-06-7C-36,0x20180029c69feeb,-110,1658196976.511615
AC-1F-09-FF-FE-06-7C-36,0x20080029c7b7b60,-100,1658196976.5189242
AC-1F-09-FF-FE-06-7C-36,0x20080029c69feeb,-93,1658196976.5203218
AC-1F-09-FF-FE-06-7C-36,0x20080029c5e3677,-119,1658196976.5244122
AC-1F-09-FF-FE-06-7C-36,0x20180029c7b7b60,-89,1658196976.5255141
AC-1F-09-FF-FE-06-7C-36,0x20080029c69feeb,-91,1658196979.5108604
AC-1F-09-FF-FE-06-7C-36,0x20180029c69feeb,-111,1658196979.5110567
AC-1F-09-FF-FE-06-7C-36,0x20080029c5e3677,-113,1658196979.5125282
AC-1F-09-FF-FE-06-7C-36,0x20080029c45752f,-105,1658196979.530885
AC-1F-09-FF-FE-06-7C-36,0x20180029c69feeb,-109,1658196982.502074
AC-1F-09-FF-FE-06-7C-36,0x20080029c1ea300,-107,1658196982.5148761
AC-1F-09-FF-FE-06-7C-36,0x20180029c7b7b60,-92,1658196982.520652
AC-1F-09-FF-FE-06-7C-36,0x20080029c5e3677,-117,1658196982.5321815
AC-1F-09-FF-FE-06-7C-36,0x20180029c69feeb,-112,1658196985.5016649
AC-1F-09-FF-FE-06-7C-36,0x20080029c69feeb,-90,1658196985.5097284
AC-1F-09-FF-FE-06-7C-36,0x20080029c5e3677,-114,1658196985.512079
AC-1F-09-FF-FE-06-7C-36,0x20080029c7b7b60,-99,1658196985.5178604
AC-1F-09-FF-FE-06-7C-36,0x20180029c7b7b60,-103,1658196985.5202975
AC-1F-09-FF-FE-06-7C-36,0x20080029c7b7b60,-103,1658196988.519124
AC-1F-09-FF-FE-06-7C-36,0x20180029c69feeb,-99,1658196988.5290754
AC-1F-09-FF-FE-06-7C-36,0x20080029c69feeb,-88,1658196997.4797235
AC-1F-09-FF-FE-06-7C-36,0x20180029c69feeb,-104,1658196997.4876335
AC-1F-09-FF-FE-06-7C-36,0x20080029c7b7b60,-104,1658197000.5276768
AC-1F-09-FF-FE-06-7C-36,0x20080029c5e3677,-114,1658197003.4923754
AC-1F-09-FF-FE-06-7C-36,0x20180029c522174,-125,1658197003.5136106
AC-1F-09-FF-FE-06-7C-36,0x20080029c69ffc2,-105,1658197003.5210352
AC-1F-09-FF-FE-06-7C-36,0x20180029c69feeb,-109,1658197003.5296893
AC-1F-09-FF-FE-06-7C-36,0x20080029c7b7b60,-103,1658197003.8069475
AC-1F-09-FF-FE-06-7C-36,0x20180029c69feeb,-112,1658197006.4920635
AC-1F-09-FF-FE-06-7C-36,0x20080029c69feeb,-93,1658197006.5008578
AC-1F-09-FF-FE-06-7C-36,0x20180029c7b7b60,-99,1658197006.520412
AC-1F-09-FF-FE-06-7C-36,0x20080029c5e3677,-117,1658197009.512766
AC-1F-09-FF-FE-06-7C-36,0x20180029c7b7b60,-99,1658197009.5345342
AC-1F-09-FF-FE-06-7C-36,0x20080029c1ea300,-101,1658197009.5360737
AC-1F-09-FF-FE-06-7C-36,0x20080029c69feeb,-93,1658197009.5396948
AC-1F-09-FF-FE-06-7C-36,0x20180029c69feeb,-111,1658197009.540366
AC-1F-09-FF-FE-06-7C-36,0x20080029c7b7b60,-105,1658197012.5259593
AC-1F-09-FF-FE-06-7C-36,0x20180029c69feeb,-112,1658197015.5123088
AC-1F-09-FF-FE-06-7C-36,0x20080029c5e3677,-115,1658197015.5332355
AC-1F-09-FF-FE-06-7C-36,0x20180029c69feeb,-113,1658197018.5106857
AC-1F-09-FF-FE-06-7C-36,0x20080029c5e3677,-118,1658197018.514258
AC-1F-09-FF-FE-06-7C-36,0x20080029c1ea300,-108,1658197018.514915
AC-1F-09-FF-FE-06-7C-36,0x20180029c7b7b60,-102,1658197018.5205634
AC-1F-09-FF-FE-06-7C-36,0x20080029c7b7b60,-103,1658197018.5217116
AC-1F-09-FF-FE-06-7C-36,0x20080029c69ffc2,-107,1658197018.6585393
AC-1F-09-FF-FE-06-7C-36,0x20080029c5e3677,-115,1658197021.512558
AC-1F-09-FF-FE-06-7C-36,0x20080029c7b7b60,-105,1658197021.518871
AC-1F-09-FF-FE-06-7C-36,0x20180029c69feeb,-109,1658197021.5429327
AC-1F-09-FF-FE-06-7C-36,0x20180029c69feeb,-106,1658197024.5026245
AC-1F-09-FF-FE-06-7C-36,0x20080029c69feeb,-91,1658197024.5213745
AC-1F-09-FF-FE-06-7C-36,0x20080029c69feeb,-87,1658197027.5116994
AC-1F-09-FF-FE-06-7C-36,0x20080029c7b7b60,-105,1658197027.5188026
AC-1F-09-FF-FE-06-7C-36,0x20180029c69feeb,-105,1658197027.519441
AC-1F-09-FF-FE-06-7C-36,0x20180029c7b7b60,-104,1658197027.5233715
AC-1F-09-FF-FE-06-7C-36,0x20080029c5e3677,-117,1658197030.5124016
AC-1F-09-FF-FE-06-7C-36,0x20180029c69feeb,-107,1658197036.4726448
AC-1F-09-FF-FE-06-7C-36,0x20080029c5e3677,-117,1658197036.4748497
AC-1F-09-FF-FE-06-7C-36,0x20080029c69feeb,-90,1658197036.4804177
AC-1F-09-FF-FE-06-7C-36,0x20080029c69feeb,-90,1658197039.4920566
AC-1F-09-FF-FE-06-7C-36,0x20080029c7b7b60,-105,1658197039.519184
AC-1F-09-FF-FE-06-7C-36,0x20180029c69feeb,-109,1658197039.5216746
AC-1F-09-FF-FE-06-7C-36,0x20180029c7b7b60,-103,1658197039.523521
AC-1F-09-FF-FE-06-7C-36,0x20080029c5e3677,-114,1658197039.5243359
AC-1F-09-FF-FE-06-7C-36,0x20080029c69feeb,-91,1658197042.493551
AC-1F-09-FF-FE-06-7C-36,0x20180029c69feeb,-111,1658197042.501551
AC-1F-09-FF-FE-06-7C-36,0x20080029c5e3677,-115,1658197042.512258
AC-1F-09-FF-FE-06-7C-36,0x20180029c7b7b60,-97,1658197042.529548
AC-1F-09-FF-FE-06-7C-36,0x20180029c69feeb,-111,1658197051.4730752
AC-1F-09-FF-FE-06-7C-36,0x20180029c7b7b60,-101,1658197051.4881418
AC-1F-09-FF-FE-06-7C-36,0x20080029c7b7b60,-99,1658197051.488831
AC-1F-09-FF-FE-06-7C-36,0x20080029c7b7b60,-104,1658197054.5191164
AC-1F-09-FF-FE-06-7C-36,0x20080029c5e3677,-114,1658197057.5126977
AC-1F-09-FF-FE-06-7C-36,0x20080029c7b7b60,-100,1658197057.524844
AC-1F-09-FF-FE-06-7C-36,0x20180029c69feeb,-111,1658197060.4998426
AC-1F-09-FF-FE-06-7C-36,0x20080029c7b7b60,-95,1658197060.5189524
AC-1F-09-FF-FE-06-7C-36,0x20080029c69feeb,-91,1658197063.501961
AC-1F-09-FF-FE-06-7C-36,0x20180029c69feeb,-107,1658197063.5096002
AC-1F-09-FF-FE-06-7C-36,0x20180029c7b7b60,-97,1658197063.5275688
AC-1F-09-FF-FE-06-7C-36,0x20180029c69feeb,-107,1658197066.5215435
AC-1F-09-FF-FE-06-7C-36,0x20080029c5e3677,-114,1658197066.5324898
AC-1F-09-FF-FE-06-7C-36,0x20080029c69feeb,-90,1658197066.5851393
AC-1F-09-FF-FE-06-7C-36,0x20180029c69feeb,-111,1658197069.5017078
AC-1F-09-FF-FE-06-7C-36,0x20180029c69feeb,-112,1658197078.4718595
AC-1F-09-FF-FE-06-7C-36,0x20080029c5e3677,-118,1658197078.4733255
AC-1F-09-FF-FE-06-7C-36,0x20080029c1ea300,-102,1658197078.4747643
AC-1F-09-FF-FE-06-7C-36,0x20080029c69feeb,-93,1658197081.508178
AC-1F-09-FF-FE-06-7C-36,0x20180029c69feeb,-109,1658197081.5085402
AC-1F-09-FF-FE-06-7C-36,0x20080029c7b7b60,-103,1658197081.5096662
AC-1F-09-FF-FE-06-7C-36,0x20080029c5e3677,-115,1658197081.5169063
AC-1F-09-FF-FE-06-7C-36,0x20180029c7b7b60,-100,1658197081.5194511
AC-1F-09-FF-FE-06-7C-36,0x20080029c5e3677,-115,1658197084.5121343
AC-1F-09-FF-FE-06-7C-36,0x20180029c69feeb,-112,1658197084.5129058
AC-1F-09-FF-FE-06-7C-36,0x20080029c7b7b60,-105,1658197084.5208752
AC-1F-09-FF-FE-06-7C-36,0x20180029c69feeb,-112,1658197087.4920998
AC-1F-09-FF-FE-06-7C-36,0x20080029c69feeb,-90,1658197087.5095193
AC-1F-09-FF-FE-06-7C-36,0x20080029c5e3677,-113,1658197087.5200148
AC-1F-09-FF-FE-06-7C-36,0x20180029c69feeb,-111,1658197090.5025978
AC-1F-09-FF-FE-06-7C-36,0x20180029c7b7b60,-101,1658197090.5217035
AC-1F-09-FF-FE-06-7C-36,0x20080029c7b7b60,-102,1658197090.5229285
AC-1F-09-FF-FE-06-7C-36,0x20080029c5e3677,-113,1658197093.5123022
AC-1F-09-FF-FE-06-7C-36,0x20180029c69feeb,-113,1658197093.5216174
AC-1F-09-FF-FE-06-7C-36,0x20080029c69feeb,-91,1658197093.5294538
AC-1F-09-FF-FE-06-7C-36,0x20080029c1ea300,-106,1658197096.514035
AC-1F-09-FF-FE-06-7C-36,0x20080029c7b7b60,-102,1658197096.5194159
AC-1F-09-FF-FE-06-7C-36,0x20180029c69feeb,-111,1658197096.5201087
AC-1F-09-FF-FE-06-7C-36,0x20180029c7b7b60,-101,1658197096.522434
AC-1F-09-FF-FE-06-7C-36,0x20080029c7b7b60,-102,1658197099.517895
AC-1F-09-FF-FE-06-7C-36,0x20080029c7b7b60,-102,1658197102.5191703
AC-1F-09-FF-FE-06-7C-36,0x20080029c69feeb,-94,1658197102.5219407
AC-1F-09-FF-FE-06-7C-36,0x20180029c69feeb,-113,1658197102.5223475
AC-1F-09-FF-FE-06-7C-36,0x20180029c7b7b60,-96,1658197102.5307314
AC-1F-09-FF-FE-06-7C-36,0x20080029c5e3677,-114,1658197105.5202124
AC-1F-09-FF-FE-06-7C-36,0x20080029c7b7b60,-111,1658197105.526119
AC-1F-09-FF-FE-06-7C-36,0x20180029c69feeb,-113,1658197105.5316617
AC-1F-09-FF-FE-06-7C-36,0x20080029c5e3677,-118,1658197108.494353
AC-1F-09-FF-FE-06-7C-36,0x20080029c7b7b60,-102,1658197108.5177011
AC-1F-09-FF-FE-06-7C-36,0x20080029c69feeb,-91,1658197111.5117052
AC-1F-09-FF-FE-06-7C-36,0x20180029c69feeb,-107,1658197111.5197804
AC-1F-09-FF-FE-06-7C-36,0x20080029c7b7b60,-77,1658197111.5202103
AC-1F-09-FF-FE-06-7C-36,0x20080029c1ea300,-105,1658197114.51393
AC-1F-09-FF-FE-06-7C-36,0x20080029c5e3677,-113,1658197114.5145938
AC-1F-09-FF-FE-06-7C-36,0x20080029c7b7b60,-101,1658197114.517872
AC-1F-09-FF-FE-06-7C-36,0x20080029c69feeb,-93,1658197114.5535972
AC-1F-09-FF-FE-06-7C-36,0x20180029c69feeb,-112,1658197114.553889
AC-1F-09-FF-FE-06-7C-36,0x20180029c69feeb,-109,1658197117.5228474
AC-1F-09-FF-FE-06-7C-36,0x20180029c7b7b60,-95,1658197117.527336
AC-1F-09-FF-FE-06-7C-36,0x20080029c7b7b60,-94,1658197117.528818
AC-1F-09-FF-FE-06-7C-36,0x20180029c69feeb,-111,1658197120.501736
AC-1F-09-FF-FE-06-7C-36,0x20180029c7b7b60,-88,1658197120.5197108
AC-1F-09-FF-FE-06-7C-36,0x20080029c7b7b60,-81,1658197120.5200627
AC-1F-09-FF-FE-06-7C-36,0x20080029c1ea300,-99,1658197120.5216355
AC-1F-09-FF-FE-06-7C-36,0x20180029c69feeb,-112,1658197129.455891
AC-1F-09-FF-FE-06-7C-36,0x20080029c69feeb,-91,1658197129.4635355
AC-1F-09-FF-FE-06-7C-36,0x20080029c45752f,-102,1658197129.478501
AC-1F-09-FF-FE-06-7C-36,0x20180029c69feeb,-109,1658197132.5118754
AC-1F-09-FF-FE-06-7C-36,0x20080029c69feeb,-93,1658197132.5198846
AC-1F-09-FF-FE-06-7C-36,0x20180029c7b7b60,-102,1658197132.5206857
AC-1F-09-FF-FE-06-7C-36,0x20080029c7b7b60,-106,1658197132.521301
AC-1F-09-FF-FE-06-7C-36,0x20080029c1ea300,-108,1658197132.535011
AC-1F-09-FF-FE-06-7C-36,0x20080029c69feeb,-94,1658197135.521967
AC-1F-09-FF-FE-06-7C-36,0x20080029c7b7b60,-109,1658197135.5260851
AC-1F-09-FF-FE-06-7C-36,0x20180029c69feeb,-111,1658197135.5297146
AC-1F-09-FF-FE-06-7C-36,0x20180029c7b7b60,-97,1658197135.5306304
AC-1F-09-FF-FE-06-7C-36,0x20080029c5e3677,-115,1658197138.5096636
AC-1F-09-FF-FE-06-7C-36,0x20180029c69feeb,-111,1658197138.5126247
AC-1F-09-FF-FE-06-7C-36,0x20180029c7b7b60,-100,1658197138.5200129
AC-1F-09-FF-FE-06-7C-36,0x20080029c69feeb,-91,1658197138.5216503
AC-1F-09-FF-FE-06-7C-36,0x20080029c45752f,-111,1658197138.5374324
AC-1F-09-FF-FE-06-7C-36,0x20080029c5e3677,-114,1658197141.4945052
AC-1F-09-FF-FE-06-7C-36,0x20080029c7b7b60,-102,1658197141.5197873
AC-1F-09-FF-FE-06-7C-36,0x20180029c69feeb,-112,1658197141.5216699
AC-1F-09-FF-FE-06-7C-36,0x20180029c7b7b60,-108,1658197141.523536
AC-1F-09-FF-FE-06-7C-36,0x20080029c1ea300,-112,1658197141.535125
AC-1F-09-FF-FE-06-7C-36,0x20080029c69feeb,-93,1658197141.6247022
AC-1F-09-FF-FE-06-7C-36,0x20080029c5e3677,-113,1658197150.4695377
AC-1F-09-FF-FE-06-7C-36,0x20080029c1ea300,-109,1658197150.4748836
AC-1F-09-FF-FE-06-7C-36,0x20180029c69feeb,-113,1658197150.482657
AC-1F-09-FF-FE-06-7C-36,0x20080029c7b7b60,-99,1658197150.4858913
AC-1F-09-FF-FE-06-7C-36,0x20180029c7b7b60,-107,1658197150.4896765
AC-1F-09-FF-FE-06-7C-36,0x20080029c69ffc2,-100,1658197150.5028443
AC-1F-09-FF-FE-06-7C-36,0x20180029c69feeb,-112,1658197153.5217252
AC-1F-09-FF-FE-06-7C-36,0x20080029c69feeb,-93,1658197153.5386512
AC-1F-09-FF-FE-06-7C-36,0x20080029c5e3677,-114,1658197153.5494123
AC-1F-09-FF-FE-06-7C-36,0x20180029c69feeb,-106,1658197156.5198607
AC-1F-09-FF-FE-06-7C-36,0x20080029c69feeb,-91,1658197156.5278258
AC-1F-09-FF-FE-06-7C-36,0x20180029c69feeb,-109,1658197159.5398808
AC-1F-09-FF-FE-06-7C-36,0x20080029c5e3677,-115,1658197162.509268
AC-1F-09-FF-FE-06-7C-36,0x20080029c1ea300,-99,1658197162.5144324
AC-1F-09-FF-FE-06-7C-36,0x20180029c69feeb,-112,1658197162.5236406
AC-1F-09-FF-FE-06-7C-36,0x20080029c7b7b60,-101,1658197162.5266445
AC-1F-09-FF-FE-06-7C-36,0x20180029c7b7b60,-103,1658197162.5308216
AC-1F-09-FF-FE-06-7C-36,0x20080029c69feeb,-93,1658197165.5019891
AC-1F-09-FF-FE-06-7C-36,0x20180029c69feeb,-113,1658197165.5107126
AC-1F-09-FF-FE-06-7C-36,0x20080029c5e3677,-115,1658197165.543543
AC-1F-09-FF-FE-06-7C-36,0x20080029c5e3677,-114,1658197174.4696293
AC-1F-09-FF-FE-06-7C-36,0x20180029c69feeb,-114,1658197174.4716136
AC-1F-09-FF-FE-06-7C-36,0x20080029c69feeb,-93,1658197174.4798841
AC-1F-09-FF-FE-06-7C-36,0x20180029c7b7b60,-103,1658197174.4805555
AC-1F-09-FF-FE-06-7C-36,0x20080029c7b7b60,-103,1658197174.4847171
AC-1F-09-FF-FE-06-7C-36,0x20080029c5e3677,-112,1658197177.5133543
AC-1F-09-FF-FE-06-7C-36,0x20180029c69feeb,-113,1658197177.5301409
AC-1F-09-FF-FE-06-7C-36,0x20080029c69feeb,-95,1658197177.5305774
AC-1F-09-FF-FE-06-7C-36,0x20080029c7b7b60,-95,1658197180.506867
AC-1F-09-FF-FE-06-7C-36,0x20180029c69feeb,-110,1658197180.5116754
AC-1F-09-FF-FE-06-7C-36,0x20080029c5e3677,-114,1658197183.5095916
AC-1F-09-FF-FE-06-7C-36,0x20080029c7b7b60,-103,1658197189.4799721
AC-1F-09-FF-FE-06-7C-36,0x20080029c5e3677,-114,1658197189.4835043
AC-1F-09-FF-FE-06-7C-36,0x20180029c69feeb,-110,1658197192.5210292
AC-1F-09-FF-FE-06-7C-36,0x20080029c69feeb,-95,1658197192.5220315
AC-1F-09-FF-FE-06-7C-36,0x20080029c7b7b60,-95,1658197192.5269284
AC-1F-09-FF-FE-06-7C-36,0x20180029c7b7b60,-97,1658197192.5315776
AC-1F-09-FF-FE-06-7C-36,0x20080029c7b7b60,-105,1658197195.5178092
AC-1F-09-FF-FE-06-7C-36,0x20080029c69feeb,-90,1658197195.529651
AC-1F-09-FF-FE-06-7C-36,0x20180029c69feeb,-114,1658197195.53063
AC-1F-09-FF-FE-06-7C-36,0x20080029c7b7b60,-103,1658197198.5270693
AC-1F-09-FF-FE-06-7C-36,0x20080029c5e3677,-111,1658197198.5322757
AC-1F-09-FF-FE-06-7C-36,0x20180029c7b7b60,-101,1658197198.5507085
AC-1F-09-FF-FE-06-7C-36,0x20080029c5e3677,-114,1658197201.5094755
AC-1F-09-FF-FE-06-7C-36,0x20180029c7b7b60,-96,1658197201.5206048
AC-1F-09-FF-FE-06-7C-36,0x20180029c69feeb,-108,1658197201.5218406
AC-1F-09-FF-FE-06-7C-36,0x20080029c7b7b60,-94,1658197201.5227804
AC-1F-09-FF-FE-06-7C-36,0x20080029c69feeb,-90,1658197204.491615
AC-1F-09-FF-FE-06-7C-36,0x20080029c5e3677,-115,1658197204.5093849
AC-1F-09-FF-FE-06-7C-36,0x20180029c69feeb,-111,1658197204.5119846
AC-1F-09-FF-FE-06-7C-36,0x20080029c69feeb,-90,1658197207.5017753
AC-1F-09-FF-FE-06-7C-36,0x20080029c7b7b60,-104,1658197207.526137
AC-1F-09-FF-FE-06-7C-36,0x20180029c7b7b60,-92,1658197207.529419
AC-1F-09-FF-FE-06-7C-36,0x20080029c5e3677,-114,1658197210.510515
AC-1F-09-FF-FE-06-7C-36,0x20080029c1ea300,-111,1658197210.5217772
AC-1F-09-FF-FE-06-7C-36,0x20080029c69feeb,-95,1658197210.5486848
AC-1F-09-FF-FE-06-7C-36,0x20180029c69feeb,-114,1658197210.5489154
AC-1F-09-FF-FE-06-7C-36,0x20180029c7b7b60,-103,1658197210.550619
AC-1F-09-FF-FE-06-7C-36,0x20080029c7b7b60,-102,1658197210.5520027
AC-1F-09-FF-FE-06-7C-36,0x20080029c7b7b60,-79,1658197213.51797
AC-1F-09-FF-FE-06-7C-36,0x20180029c69feeb,-111,1658197213.5206459
AC-1F-09-FF-FE-06-7C-36,0x20080029c69feeb,-91,1658197216.512272
AC-1F-09-FF-FE-06-7C-36,0x20080029c7b7b60,-107,1658197216.5253177
AC-1F-09-FF-FE-06-7C-36,0x20080029c1ea300,-106,1658197216.5349894
AC-1F-09-FF-FE-06-7C-36,0x20080029c5e3677,-113,1658197225.469471
AC-1F-09-FF-FE-06-7C-36,0x20180029c69feeb,-107,1658197225.4716244
AC-1F-09-FF-FE-06-7C-36,0x20180029c69feeb,-98,1658197228.5017455
AC-1F-09-FF-FE-06-7C-36,0x20080029c69feeb,-80,1658197228.5094962
AC-1F-09-FF-FE-06-7C-36,0x20080029c7b7b60,-97,1658197228.52479
AC-1F-09-FF-FE-06-7C-36,0x20180029c7b7b60,-102,1658197228.5285234
AC-1F-09-FF-FE-06-7C-36,0x20080029c7b7b60,-102,1658197231.525835
AC-1F-09-FF-FE-06-7C-36,0x20180029c7b7b60,-101,1658197231.5295398
AC-1F-09-FF-FE-06-7C-36,0x20080029c1ea300,-106,1658197231.5347385
AC-1F-09-FF-FE-06-7C-36,0x20080029c69feeb,-90,1658197231.544895
AC-1F-09-FF-FE-06-7C-36,0x20180029c69feeb,-112,1658197231.545165
AC-1F-09-FF-FE-06-7C-36,0x20080029c69feeb,-93,1658197234.4914
AC-1F-09-FF-FE-06-7C-36,0x20180029c69feeb,-111,1658197234.4996357
AC-1F-09-FF-FE-06-7C-36,0x20180029c7b7b60,-101,1658197234.5226943
AC-1F-09-FF-FE-06-7C-36,0x20080029c7b7b60,-105,1658197234.523795
AC-1F-09-FF-FE-06-7C-36,0x20080029c7b7b60,-101,1658197237.517063
AC-1F-09-FF-FE-06-7C-36,0x20180029c7b7b60,-97,1658197237.5206501
AC-1F-09-FF-FE-06-7C-36,0x20080029c5e3677,-115,1658197237.5291414
AC-1F-09-FF-FE-06-7C-36,0x20080029c69feeb,-94,1658197237.5306678
AC-1F-09-FF-FE-06-7C-36,0x20180029c69feeb,-111,1658197237.5308895
AC-1F-09-FF-FE-06-7C-36,0x20080029c7b7b60,-102,1658197240.5183845
AC-1F-09-FF-FE-06-7C-36,0x20180029c69feeb,-109,1658197243.520635
AC-1F-09-FF-FE-06-7C-36,0x20080029c69ffc2,-103,1658197243.522675
AC-1F-09-FF-FE-06-7C-36,0x20080029c69feeb,-81,1658197246.5118248
AC-1F-09-FF-FE-06-7C-36,0x20180029c69feeb,-99,1658197246.5198357
AC-1F-09-FF-FE-06-7C-36,0x20080029c45752f,-103,1658197249.5244846
AC-1F-09-FF-FE-06-7C-36,0x20180029c69feeb,-105,1658197252.4916193
AC-1F-09-FF-FE-06-7C-36,0x20080029c69feeb,-93,1658197252.5098972
AC-1F-09-FF-FE-06-7C-36,0x20080029c5e3677,-112,1658197255.5094116
AC-1F-09-FF-FE-06-7C-36,0x20080029c69feeb,-93,1658197261.4629493
AC-1F-09-FF-FE-06-7C-36,0x20180029c69feeb,-109,1658197270.480531
AC-1F-09-FF-FE-06-7C-36,0x20080029c5e3677,-114,1658197270.4891148
AC-1F-09-FF-FE-06-7C-36,0x20180029c69feeb,-108,1658197273.5220418
AC-1F-09-FF-FE-06-7C-36,0x20080029c1ea300,-111,1658197276.4950435
AC-1F-09-FF-FE-06-7C-36,0x20180029c7b7b60,-100,1658197276.5190456
AC-1F-09-FF-FE-06-7C-36,0x20080029c7b7b60,-108,1658197276.5195706
AC-1F-09-FF-FE-06-7C-36,0x20080029c69feeb,-93,1658197276.5201893
AC-1F-09-FF-FE-06-7C-36,0x20180029c69feeb,-111,1658197276.52771
AC-1F-09-FF-FE-06-7C-36,0x20080029c69ffc2,-107,1658197276.532574
AC-1F-09-FF-FE-06-7C-36,0x20080029c5e3677,-117,1658197279.5092068
AC-1F-09-FF-FE-06-7C-36,0x20180029c69feeb,-108,1658197279.531605
AC-1F-09-FF-FE-06-7C-36,0x20180029c69feeb,-94,1658197282.4815588
AC-1F-09-FF-FE-06-7C-36,0x20180029c69feeb,-113,1658197285.5226765
AC-1F-09-FF-FE-06-7C-36,0x20080029c69ffc2,-107,1658197285.552759
3F-53-01-2A-00-00-59-E3,-0x57bfbe0000dfa114,-53,1658197286.5779078
3F-53-01-2A-00-00-59-E3,-0x57bfbe0000dfa114,-53,1658197287.7369976
AC-1F-09-FF-FE-06-7C-36,0x20180029c69feeb,-108,1658197288.5008912
3F-53-01-2A-00-00-59-E3,-0x57bfbe0000dfa114,-54,1658197288.9071596
3F-53-01-2A-00-00-59-E3,-0x57bfbe0000dfa114,-54,1658197290.0642729
3F-53-01-2A-00-00-59-E3,-0x57bfbe0000dfa114,-53,1658197291.234205
AC-1F-09-FF-FE-06-7C-36,0x20080029c69feeb,-91,1658197291.4925208
AC-1F-09-FF-FE-06-7C-36,0x20180029c69feeb,-113,1658197291.5014558
AC-1F-09-FF-FE-06-7C-36,0x20080029c7b7b60,-104,1658197291.518851
AC-1F-09-FF-FE-06-7C-36,0x20080029c5e3677,-115,1658197291.7479537
3F-53-01-2A-00-00-59-E3,-0x57bfbe0000dfa114,-52,1658197292.3981693
3F-53-01-2A-00-00-59-E3,-0x57bfbe0000dfa114,-53,1658197293.5707684
AC-1F-09-FF-FE-06-7C-36,0x20080029c69feeb,-94,1658197294.545936
AC-1F-09-FF-FE-06-7C-36,0x20180029c69feeb,-111,1658197294.5462081
3F-53-01-2A-00-00-59-E3,-0x57bfbe0000dfa114,-54,1658197294.737324
3F-53-01-2A-00-00-59-E3,-0x57bfbe0000dfa114,-52,1658197295.8915443
3F-53-01-2A-00-00-59-E3,-0x57bfbe0000dfa114,-55,1658197297.0698926
AC-1F-09-FF-FE-06-7C-36,0x20180029c69feeb,-111,1658197297.492511
AC-1F-09-FF-FE-06-7C-36,0x20080029c1ea300,-111,1658197297.513769
AC-1F-09-FF-FE-06-7C-36,0x20080029c7b7b60,-107,1658197297.5178308
3F-53-01-2A-00-00-59-E3,-0x57bfbe0000dfa114,-52,1658197298.2371848
3F-53-01-2A-00-00-59-E3,-0x57bfbe0000dfa114,-53,1658197299.3805192
AC-1F-09-FF-FE-06-7C-36,0x20080029c69feeb,-91,1658197300.4926436
AC-1F-09-FF-FE-06-7C-36,0x20180029c69feeb,-109,1658197300.50069
AC-1F-09-FF-FE-06-7C-36,0x20080029c1ea300,-113,1658197300.5141258
AC-1F-09-FF-FE-06-7C-36,0x20180029c7b7b60,-101,1658197300.5214784
AC-1F-09-FF-FE-06-7C-36,0x20080029c7b7b60,-103,1658197300.5240583
AC-1F-09-FF-FE-06-7C-36,0x20080029c69ffc2,-113,1658197300.5324452
3F-53-01-2A-00-00-59-E3,-0x57bfbe0000dfa114,-51,1658197300.5599067
3F-53-01-2A-00-00-59-E3,-0x57bfbe0000dfa114,-54,1658197301.7233067
3F-53-01-2A-00-00-59-E3,-0x57bfbe0000dfa114,-58,1658197302.8791394
3F-53-01-2A-00-00-59-E3,-0x57bfbe0000dfa114,-59,1658197304.0468075
3F-53-01-2A-00-00-59-E3,-0x57bfbe0000dfa114,-51,1658197305.217052
3F-53-01-2A-00-00-59-E3,-0x57bfbe0000dfa114,-53,1658197306.393491
3F-53-01-2A-00-00-59-E3,-0x57bfbe0000dfa114,-51,1658197307.5484529
3F-53-01-2A-00-00-59-E3,-0x57bfbe0000dfa114,-51,1658197308.7180965
3F-53-01-2A-00-00-59-E3,-0x57bfbe0000dfa114,-52,1658197309.8881345
3F-53-01-2A-00-00-59-E3,-0x57bfbe0000dfa114,-52,1658197311.040964
3F-53-01-2A-00-00-59-E3,-0x57bfbe0000dfa114,-50,1658197312.2071693
3F-53-01-2A-00-00-59-E3,-0x57bfbe0000dfa114,-52,1658197313.3785844
3F-53-01-2A-00-00-59-E3,-0x57bfbe0000dfa114,-54,1658197314.5380619
3F-53-01-2A-00-00-59-E3,-0x57bfbe0000dfa114,-54,1658197315.7062933
3F-53-01-2A-00-00-59-E3,-0x57bfbe0000dfa114,-53,1658197316.8775034
3F-53-01-2A-00-00-59-E3,-0x57bfbe0000dfa114,-50,1658197318.0267985
3F-53-01-2A-00-00-59-E3,-0x57bfbe0000dfa114,-52,1658197319.197424
3F-53-01-2A-00-00-59-E3,-0x57bfbe0000dfa114,-52,1658197320.3669229
3F-53-01-2A-00-00-59-E3,-0x57bfbe0000dfa114,-52,1658197321.537448
3F-53-01-2A-00-00-59-E3,-0x57bfbe0000dfa114,-52,1658197322.6970627
3F-53-01-2A-00-00-59-E3,-0x57bfbe0000dfa114,-53,1658197323.8573105
3F-53-01-2A-00-00-59-E3,-0x57bfbe0000dfa114,-51,1658197325.0169854
3F-53-01-2A-00-00-59-E3,-0x57bfbe0000dfa114,-53,1658197326.1845248
3F-53-01-2A-00-00-59-E3,-0x57bfbe0000dfa114,-54,1658197327.3574703
3F-53-01-2A-00-00-59-E3,-0x57bfbe0000dfa114,-58,1658197328.517111
3F-53-01-2A-00-00-59-E3,-0x57bfbe0000dfa114,-57,1658197329.6869922
3F-53-01-2A-00-00-59-E3,-0x57bfbe0000dfa114,-57,1658197330.8469508
3F-53-01-2A-00-00-59-E3,-0x57bfbe0000dfa114,-58,1658197332.0169125
3F-53-01-2A-00-00-59-E3,-0x57bfbe0000dfa114,-58,1658197333.186926
3F-53-01-2A-00-00-59-E3,-0x57bfbe0000dfa114,-59,1658197334.3532486
3F-53-01-2A-00-00-59-E3,-0x57bfbe0000dfa114,-57,1658197335.5269926
3F-53-01-2A-00-00-59-E3,-0x57bfbe0000dfa114,-57,1658197336.6757627
3F-53-01-2A-00-00-59-E3,-0x57bfbe0000dfa114,-58,1658197337.837983
3F-53-01-2A-00-00-59-E3,-0x57bfbe0000dfa114,-58,1658197339.007078
3F-53-01-2A-00-00-59-E3,-0x57bfbe0000dfa114,-57,1658197340.1803415
3F-53-01-2A-00-00-59-E3,-0x57bfbe0000dfa114,-55,1658197341.336832
3F-53-01-2A-00-00-59-E3,-0x57bfbe0000dfa114,-55,1658197342.5073156
3F-53-01-2A-00-00-59-E3,-0x57bfbe0000dfa114,-53,1658197343.6770544
3F-53-01-2A-00-00-59-E3,-0x57bfbe0000dfa114,-53,1658197344.8476515
3F-53-01-2A-00-00-59-E3,-0x57bfbe0000dfa114,-55,1658197346.0091856
3F-53-01-2A-00-00-59-E3,-0x57bfbe0000dfa114,-56,1658197347.1680954
3F-53-01-2A-00-00-59-E3,-0x57bfbe0000dfa114,-58,1658197348.3291268
3F-53-01-2A-00-00-59-E3,-0x57bfbe0000dfa114,-59,1658197349.4992385
3F-53-01-2A-00-00-59-E3,-0x57bfbe0000dfa114,-56,1658197350.6613388
3F-53-01-2A-00-00-59-E3,-0x57bfbe0000dfa114,-55,1658197351.8271475
3F-53-01-2A-00-00-59-E3,-0x57bfbe0000dfa114,-57,1658197352.997335
3F-53-01-2A-00-00-59-E3,-0x57bfbe0000dfa114,-57,1658197354.1671562
3F-53-01-2A-00-00-59-E3,-0x57bfbe0000dfa114,-57,1658197355.316716
3F-53-01-2A-00-00-59-E3,-0x57bfbe0000dfa114,-57,1658197356.4973247
3F-53-01-2A-00-00-59-E3,-0x57bfbe0000dfa114,-56,1658197357.6469948
3F-53-01-2A-00-00-59-E3,-0x57bfbe0000dfa114,-58,1658197358.8196685
3F-53-01-2A-00-00-59-E3,-0x57bfbe0000dfa114,-55,1658197359.9940138
3F-53-01-2A-00-00-59-E3,-0x57bfbe0000dfa114,-56,1658197361.1490505
3F-53-01-2A-00-00-59-E3,-0x57bfbe0000dfa114,-59,1658197362.31719
3F-53-01-2A-00-00-59-E3,-0x57bfbe0000dfa114,-60,1658197363.4768684
3F-53-01-2A-00-00-59-E3,-0x57bfbe0000dfa114,-60,1658197364.6542926
3F-53-01-2A-00-00-59-E3,-0x57bfbe0000dfa114,-59,1658197365.8069377
3F-53-01-2A-00-00-59-E3,-0x57bfbe0000dfa114,-59,1658197366.97698
3F-53-01-2A-00-00-59-E3,-0x57bfbe0000dfa114,-58,1658197368.1379125
3F-53-01-2A-00-00-59-E3,-0x57bfbe0000dfa114,-57,1658197369.3070457
3F-53-01-2A-00-00-59-E3,-0x57bfbe0000dfa114,-55,1658197370.4678996
AC-1F-09-FF-FE-06-7C-36,0x20180029c69feeb,-109,1658198383.2019453
AC-1F-09-FF-FE-06-7C-36,0x20080029c69feeb,-90,1658198383.2177522
AC-1F-09-FF-FE-06-7C-36,0x20080029c69feeb,-77,1658198386.2321863
AC-1F-09-FF-FE-06-7C-36,0x20180029c69feeb,-100,1658198386.2401757
AC-1F-09-FF-FE-06-7C-36,0x20080029c69feeb,-69,1658198389.232246
AC-1F-09-FF-FE-06-7C-36,0x20180029c69feeb,-95,1658198389.2406144
AC-1F-09-FF-FE-06-7C-36,0x20080029c69feeb,-69,1658198392.2119694
AC-1F-09-FF-FE-06-7C-36,0x20180029c69feeb,-95,1658198392.22089
AC-1F-09-FF-FE-06-7C-36,0x20080029c1ea300,-113,1658198392.2550519
AC-1F-09-FF-FE-06-7C-36,0x20180029c69feeb,-90,1658198395.2409906
AC-1F-09-FF-FE-06-7C-36,0x20080029c69feeb,-64,1658198395.2412348
AC-1F-09-FF-FE-06-7C-36,0x20080029c5e3677,-115,1658198395.2424297
AC-1F-09-FF-FE-06-7C-36,0x20180029c69feeb,-90,1658198398.2310586
AC-1F-09-FF-FE-06-7C-36,0x20080029c69feeb,-63,1658198398.2318387
AC-1F-09-FF-FE-06-7C-36,0x20080029c1ea300,-108,1658198398.2349775
AC-1F-09-FF-FE-06-7C-36,0x20080029c5e3677,-117,1658198401.2084816
AC-1F-09-FF-FE-06-7C-36,0x20180029c69feeb,-90,1658198401.2231524
AC-1F-09-FF-FE-06-7C-36,0x20080029c69feeb,-61,1658198401.2309628
AC-1F-09-FF-FE-06-7C-36,0x20080029c69feeb,-71,1658198404.2420876
AC-1F-09-FF-FE-06-7C-36,0x20180029c69feeb,-90,1658198404.2423298
AC-1F-09-FF-FE-06-7C-36,0x20080029c5e3677,-120,1658198407.228767
AC-1F-09-FF-FE-06-7C-36,0x20080029c69feeb,-75,1658198407.2410543
AC-1F-09-FF-FE-06-7C-36,0x20180029c69feeb,-91,1658198407.2419162
AC-1F-09-FF-FE-06-7C-36,0x20080029c1ea300,-107,1658198407.2424796
AC-1F-09-FF-FE-06-7C-36,0x20080029c69feeb,-62,1658198410.2320132
AC-1F-09-FF-FE-06-7C-36,0x20180029c69feeb,-89,1658198410.2399316
AC-1F-09-FF-FE-06-7C-36,0x20080029c5e3677,-120,1658198413.20885
AC-1F-09-FF-FE-06-7C-36,0x20180029c69feeb,-92,1658198419.1818361
AC-1F-09-FF-FE-06-7C-36,0x20080029c69feeb,-70,1658198419.1896322
AC-1F-09-FF-FE-06-7C-36,0x20080029c69feeb,-67,1658198422.2306576
AC-1F-09-FF-FE-06-7C-36,0x20180029c69feeb,-92,1658198422.2315495
AC-1F-09-FF-FE-06-7C-36,0x20080029c69feeb,-62,1658198425.2323353
AC-1F-09-FF-FE-06-7C-36,0x20180029c69feeb,-92,1658198425.2402139
AC-1F-09-FF-FE-06-7C-36,0x20080029c5e3677,-115,1658198425.4184725
AC-1F-09-FF-FE-06-7C-36,0x20080029c69feeb,-60,1658198428.2418756
AC-1F-09-FF-FE-06-7C-36,0x20180029c69feeb,-87,1658198428.2498286
AC-1F-09-FF-FE-06-7C-36,0x20080029c69feeb,-78,1658198431.2268283
AC-1F-09-FF-FE-06-7C-36,0x20180029c69feeb,-93,1658198431.2350616
AC-1F-09-FF-FE-06-7C-36,0x20080029c5e3677,-117,1658198431.238607
AC-1F-09-FF-FE-06-7C-36,0x20180029c69feeb,-91,1658198434.2218635
AC-1F-09-FF-FE-06-7C-36,0x20080029c69feeb,-61,1658198434.2297714
AC-1F-09-FF-FE-06-7C-36,0x20080029c1ea300,-107,1658198434.2380288
AC-1F-09-FF-FE-06-7C-36,0x20080029c69feeb,-63,1658198437.242204
AC-1F-09-FF-FE-06-7C-36,0x20180029c69feeb,-87,1658198437.2507517
AC-1F-09-FF-FE-06-7C-36,0x20180029c69feeb,-91,1658198440.2116644
AC-1F-09-FF-FE-06-7C-36,0x20080029c1ea300,-91,1658198440.2139943
AC-1F-09-FF-FE-06-7C-36,0x20080029c69feeb,-61,1658198440.2217224
AC-1F-09-FF-FE-06-7C-36,0x20080029c1ea300,-97,1658198443.2150288
AC-1F-09-FF-FE-06-7C-36,0x20080029c69feeb,-63,1658198443.2400892
AC-1F-09-FF-FE-06-7C-36,0x20180029c69feeb,-90,1658198443.2478197
AC-1F-09-FF-FE-06-7C-36,0x20080029c69feeb,-75,1658198446.1999896
AC-1F-09-FF-FE-06-7C-36,0x20180029c69feeb,-91,1658198446.2317278
AC-1F-09-FF-FE-06-7C-36,0x20080029c5e3677,-112,1658198449.2264009
AC-1F-09-FF-FE-06-7C-36,0x20080029c69feeb,-62,1658198449.2318792
AC-1F-09-FF-FE-06-7C-36,0x20180029c69feeb,-90,1658198449.2417278
AC-1F-09-FF-FE-06-7C-36,0x20180029c69feeb,-90,1658198452.212167
AC-1F-09-FF-FE-06-7C-36,0x20080029c69feeb,-62,1658198452.2318234
AC-1F-09-FF-FE-06-7C-36,0x20080029c1ea300,-113,1658198452.2630208
AC-1F-09-FF-FE-06-7C-36,0x20080029c5e3677,-114,1658198455.2066033
AC-1F-09-FF-FE-06-7C-36,0x20180029c69feeb,-85,1658198455.2118428
AC-1F-09-FF-FE-06-7C-36,0x20080029c69feeb,-60,1658198455.2217789
AC-1F-09-FF-FE-06-7C-36,0x20080029c1ea300,-113,1658198455.2350488
AC-1F-09-FF-FE-06-7C-36,0x20080029c7b7b60,-108,1658198455.2379322
AC-1F-09-FF-FE-06-7C-36,0x20180029c69feeb,-91,1658198458.2232108
AC-1F-09-FF-FE-06-7C-36,0x20080029c69feeb,-60,1658198458.2308826
AC-1F-09-FF-FE-06-7C-36,0x20180029c69feeb,-91,1658198461.2217538
AC-1F-09-FF-FE-06-7C-36,0x20080029c69feeb,-66,1658198461.2296095
AC-1F-09-FF-FE-06-7C-36,0x20080029c69feeb,-70,1658198464.2017615
AC-1F-09-FF-FE-06-7C-36,0x20180029c69feeb,-90,1658198464.222168
AC-1F-09-FF-FE-06-7C-36,0x20180029c69feeb,-89,1658198467.2317753
AC-1F-09-FF-FE-06-7C-36,0x20080029c1ea300,-83,1658198467.2353265
AC-1F-09-FF-FE-06-7C-36,0x20080029c69feeb,-68,1658198467.2406437
AC-1F-09-FF-FE-06-7C-36,0x20080029c69feeb,-78,1658198470.2415833
AC-1F-09-FF-FE-06-7C-36,0x20180029c69feeb,-94,1658198470.2583182
AC-1F-09-FF-FE-06-7C-36,0x20180029c69feeb,-102,1658198473.2400408
AC-1F-09-FF-FE-06-7C-36,0x20080029c69feeb,-80,1658198473.2402477
AC-1F-09-FF-FE-06-7C-36,0x20080029c69feeb,-76,1658198476.2200243
AC-1F-09-FF-FE-06-7C-36,0x20180029c69feeb,-95,1658198476.2280538
AC-1F-09-FF-FE-06-7C-36,0x20080029c69feeb,-81,1658198479.240088
AC-1F-09-FF-FE-06-7C-36,0x20180029c69feeb,-94,1658198479.2403646
AC-1F-09-FF-FE-06-7C-36,0x20180029c69feeb,-94,1658198482.2117555
AC-1F-09-FF-FE-06-7C-36,0x20080029c69feeb,-77,1658198482.221595
AC-1F-09-FF-FE-06-7C-36,0x20080029c5e3677,-113,1658198485.2066824
AC-1F-09-FF-FE-06-7C-36,0x20180029c69feeb,-94,1658198485.231883
AC-1F-09-FF-FE-06-7C-36,0x20080029c69feeb,-66,1658198485.2402146
AC-1F-09-FF-FE-06-7C-36,0x20180029c69feeb,-97,1658198488.2119002
AC-1F-09-FF-FE-06-7C-36,0x20080029c69feeb,-84,1658198488.219613
AC-1F-09-FF-FE-06-7C-36,0x20080029c69feeb,-76,1658198491.2318447
AC-1F-09-FF-FE-06-7C-36,0x20080029c69feeb,-79,1658198494.2399373
AC-1F-09-FF-FE-06-7C-36,0x20180029c69feeb,-96,1658198494.242253
AC-1F-09-FF-FE-06-7C-36,0x20080029c69feeb,-76,1658198497.2217119
AC-1F-09-FF-FE-06-7C-36,0x20180029c69feeb,-94,1658198497.229796
AC-1F-09-FF-FE-06-7C-36,0x20180029c69feeb,-106,1658198500.2119172
AC-1F-09-FF-FE-06-7C-36,0x20080029c69feeb,-83,1658198500.2216072
AC-1F-09-FF-FE-06-7C-36,0x20080029c69feeb,-78,1658198503.2321286
AC-1F-09-FF-FE-06-7C-36,0x20180029c69feeb,-99,1658198503.2399418
AC-1F-09-FF-FE-06-7C-36,0x20080029c1ea300,-111,1658198503.2539241
AC-1F-09-FF-FE-06-7C-36,0x20180029c69feeb,-95,1658198506.2319112
AC-1F-09-FF-FE-06-7C-36,0x20080029c69feeb,-76,1658198506.240329
AC-1F-09-FF-FE-06-7C-36,0x20180029c69feeb,-102,1658198509.230008
AC-1F-09-FF-FE-06-7C-36,0x20080029c69feeb,-82,1658198509.2378933
AC-1F-09-FF-FE-06-7C-36,0x20080029c69feeb,-78,1658198512.2025843
AC-1F-09-FF-FE-06-7C-36,0x20180029c69feeb,-94,1658198512.2096376
AC-1F-09-FF-FE-06-7C-36,0x20180029c69feeb,-96,1658198515.2328203
AC-1F-09-FF-FE-06-7C-36,0x20080029c69feeb,-71,1658198515.2398484
AC-1F-09-FF-FE-06-7C-36,0x20180029c69feeb,-100,1658198518.232282
AC-1F-09-FF-FE-06-7C-36,0x20080029c69feeb,-84,1658198518.2396812
AC-1F-09-FF-FE-06-7C-36,0x20080029c69feeb,-69,1658198521.2119448
AC-1F-09-FF-FE-06-7C-36,0x20180029c69feeb,-95,1658198521.2197745
AC-1F-09-FF-FE-06-7C-36,0x20080029c69feeb,-77,1658198530.1920736
AC-1F-09-FF-FE-06-7C-36,0x20180029c69feeb,-108,1658198530.1999881
AC-1F-09-FF-FE-06-7C-36,0x20080029c69feeb,-62,1658198533.2219777
AC-1F-09-FF-FE-06-7C-36,0x20180029c69feeb,-88,1658198533.2299063
AC-1F-09-FF-FE-06-7C-36,0x20180029c69feeb,-103,1658198536.2119179
AC-1F-09-FF-FE-06-7C-36,0x20080029c69feeb,-88,1658198536.2276478
AC-1F-09-FF-FE-06-7C-36,0x20080029c69feeb,-85,1658198539.2320602
AC-1F-09-FF-FE-06-7C-36,0x20180029c69feeb,-100,1658198542.2218714
AC-1F-09-FF-FE-06-7C-36,0x20080029c69feeb,-76,1658198542.2296326
AC-1F-09-FF-FE-06-7C-36,0x20080029c69feeb,-70,1658198545.2319589
AC-1F-09-FF-FE-06-7C-36,0x20180029c69feeb,-96,1658198545.2397802
AC-1F-09-FF-FE-06-7C-36,0x20080029c69feeb,-83,1658198548.2430058
AC-1F-09-FF-FE-06-7C-36,0x20180029c69feeb,-99,1658198548.2497644
AC-1F-09-FF-FE-06-7C-36,0x20080029c69feeb,-77,1658198551.23216
AC-1F-09-FF-FE-06-7C-36,0x20180029c69feeb,-100,1658198551.2397943
AC-1F-09-FF-FE-06-7C-36,0x20080029c69feeb,-75,1658198554.231965
AC-1F-09-FF-FE-06-7C-36,0x20180029c69feeb,-99,1658198554.2428598
AC-1F-09-FF-FE-06-7C-36,0x20080029c69feeb,-84,1658198557.2321186
AC-1F-09-FF-FE-06-7C-36,0x20180029c69feeb,-106,1658198557.2409742
AC-1F-09-FF-FE-06-7C-36,0x20080029c69feeb,-76,1658198560.2434652
AC-1F-09-FF-FE-06-7C-36,0x20180029c69feeb,-98,1658198560.2437181
AC-1F-09-FF-FE-06-7C-36,0x20080029c69feeb,-77,1658198563.213174
AC-1F-09-FF-FE-06-7C-36,0x20180029c69feeb,-100,1658198563.2209451
AC-1F-09-FF-FE-06-7C-36,0x20080029c69feeb,-81,1658198566.2120185
AC-1F-09-FF-FE-06-7C-36,0x20180029c69feeb,-97,1658198566.2198822
AC-1F-09-FF-FE-06-7C-36,0x20080029c69feeb,-88,1658198569.2522626
AC-1F-09-FF-FE-06-7C-36,0x20180029c69feeb,-101,1658198569.252512
AC-1F-09-FF-FE-06-7C-36,0x20080029c69feeb,-71,1658198572.231716
AC-1F-09-FF-FE-06-7C-36,0x20180029c69feeb,-94,1658198572.2398844
AC-1F-09-FF-FE-06-7C-36,0x20080029c69feeb,-77,1658198575.2318635
AC-1F-09-FF-FE-06-7C-36,0x20080029c5e3677,-115,1658198575.2325618
AC-1F-09-FF-FE-06-7C-36,0x20180029c69feeb,-100,1658198584.201956
AC-1F-09-FF-FE-06-7C-36,0x20080029c69feeb,-84,1658198584.202211
AC-1F-09-FF-FE-06-7C-36,0x20080029c69feeb,-85,1658198587.2409494
AC-1F-09-FF-FE-06-7C-36,0x20180029c69feeb,-99,1658198587.24145
AC-1F-09-FF-FE-06-7C-36,0x20180029c69feeb,-95,1658198590.2230194
AC-1F-09-FF-FE-06-7C-36,0x20080029c69feeb,-83,1658198590.2316642
AC-1F-09-FF-FE-06-7C-36,0x20080029c69feeb,-84,1658198593.2116885
AC-1F-09-FF-FE-06-7C-36,0x20180029c69feeb,-105,1658198596.2020075
AC-1F-09-FF-FE-06-7C-36,0x20080029c69feeb,-90,1658198596.2218044
AC-1F-09-FF-FE-06-7C-36,0x20080029c5e3677,-117,1658198599.2124581
AC-1F-09-FF-FE-06-7C-36,0x20080029c69feeb,-89,1658198599.2420008
AC-1F-09-FF-FE-06-7C-36,0x20180029c69feeb,-106,1658198599.2506957
AC-1F-09-FF-FE-06-7C-36,0x20080029c69feeb,-84,1658198602.2199159
AC-1F-09-FF-FE-06-7C-36,0x20080029c5e3677,-115,1658198602.254505
AC-1F-09-FF-FE-06-7C-36,0x20180029c69feeb,-101,1658198605.232212
AC-1F-09-FF-FE-06-7C-36,0x20080029c69feeb,-85,1658198605.2398844
AC-1F-09-FF-FE-06-7C-36,0x20180029c69feeb,-102,1658198608.252164
AC-1F-09-FF-FE-06-7C-36,0x20080029c69feeb,-84,1658198608.2608595
AC-1F-09-FF-FE-06-7C-36,0x20080029c69feeb,-82,1658198611.239839
AC-1F-09-FF-FE-06-7C-36,0x20180029c69feeb,-106,1658198611.2478461
AC-1F-09-FF-FE-06-7C-36,0x20180029c69feeb,-111,1658198620.192753
AC-1F-09-FF-FE-06-7C-36,0x20080029c69feeb,-87,1658198620.1998167
AC-1F-09-FF-FE-06-7C-36,0x20080029c69feeb,-77,1658198623.242125
AC-1F-09-FF-FE-06-7C-36,0x20180029c69feeb,-99,1658198623.2423918
AC-1F-09-FF-FE-06-7C-36,0x20180029c69feeb,-111,1658198626.211906
AC-1F-09-FF-FE-06-7C-36,0x20180029c69feeb,-107,1658198629.2131062
AC-1F-09-FF-FE-06-7C-36,0x20080029c69feeb,-82,1658198629.2207987
AC-1F-09-FF-FE-06-7C-36,0x20180029c69feeb,-107,1658198632.2322311
AC-1F-09-FF-FE-06-7C-36,0x20080029c69feeb,-81,1658198632.2398782
AC-1F-09-FF-FE-06-7C-36,0x20080029c1ea300,-111,1658198632.2548084
AC-1F-09-FF-FE-06-7C-36,0x20080029c69feeb,-78,1658198635.2320619
AC-1F-09-FF-FE-06-7C-36,0x20180029c69feeb,-113,1658198635.240067
AC-1F-09-FF-FE-06-7C-36,0x20080029c69feeb,-90,1658198638.242114
AC-1F-09-FF-FE-06-7C-36,0x20080029c69feeb,-87,1658198641.2229145
AC-1F-09-FF-FE-06-7C-36,0x20180029c69feeb,-109,1658198641.2318323
AC-1F-09-FF-FE-06-7C-36,0x20080029c69feeb,-89,1658198644.2319953
AC-1F-09-FF-FE-06-7C-36,0x20080029c69feeb,-83,1658198647.2322052
AC-1F-09-FF-FE-06-7C-36,0x20180029c69feeb,-107,1658198647.2400846
AC-1F-09-FF-FE-06-7C-36,0x20080029c69feeb,-78,1658198650.2320585
AC-1F-09-FF-FE-06-7C-36,0x20180029c69feeb,-112,1658198650.2398312
AC-1F-09-FF-FE-06-7C-36,0x20080029c69feeb,-79,1658198653.239918
AC-1F-09-FF-FE-06-7C-36,0x20180029c69feeb,-114,1658198656.2418344
AC-1F-09-FF-FE-06-7C-36,0x20080029c69feeb,-75,1658198656.2498267
AC-1F-09-FF-FE-06-7C-36,0x20080029c69feeb,-76,1658198659.2318704
AC-1F-09-FF-FE-06-7C-36,0x20180029c69feeb,-106,1658198659.240362
AC-1F-09-FF-FE-06-7C-36,0x20080029c69feeb,-76,1658198662.22203
AC-1F-09-FF-FE-06-7C-36,0x20180029c69feeb,-105,1658198662.229819
AC-1F-09-FF-FE-06-7C-36,0x20080029c69feeb,-83,1658198665.240082
AC-1F-09-FF-FE-06-7C-36,0x20180029c69feeb,-106,1658198665.2477736
AC-1F-09-FF-FE-06-7C-36,0x20080029c69feeb,-78,1658198668.2118547
AC-1F-09-FF-FE-06-7C-36,0x20080029c69feeb,-82,1658198671.232011
AC-1F-09-FF-FE-06-7C-36,0x20080029c69feeb,-82,1658198674.2120426
AC-1F-09-FF-FE-06-7C-36,0x20180029c69feeb,-107,1658198674.2198365
AC-1F-09-FF-FE-06-7C-36,0x20080029c69feeb,-84,1658198677.2322097
AC-1F-09-FF-FE-06-7C-36,0x20080029c69feeb,-88,1658198680.2523315
AC-1F-09-FF-FE-06-7C-36,0x20180029c69feeb,-114,1658198680.2525716
AC-1F-09-FF-FE-06-7C-36,0x20080029c69feeb,-90,1658198683.2119613
AC-1F-09-FF-FE-06-7C-36,0x20180029c69feeb,-111,1658198683.2321615
AC-1F-09-FF-FE-06-7C-36,0x20180029c69feeb,-106,1658198686.222146
AC-1F-09-FF-FE-06-7C-36,0x20180029c69feeb,-108,1658198689.2232316
AC-1F-09-FF-FE-06-7C-36,0x20080029c69feeb,-85,1658198689.232861
AC-1F-09-FF-FE-06-7C-36,0x20080029c69feeb,-80,1658198692.2331939
AC-1F-09-FF-FE-06-7C-36,0x20180029c69feeb,-100,1658198695.2321043
AC-1F-09-FF-FE-06-7C-36,0x20080029c69feeb,-78,1658198695.2397857
AC-1F-09-FF-FE-06-7C-36,0x20180029c69feeb,-107,1658198704.192017
AC-1F-09-FF-FE-06-7C-36,0x20080029c69feeb,-88,1658198707.233998
AC-1F-09-FF-FE-06-7C-36,0x20180029c69feeb,-103,1658198707.2417176
AC-1F-09-FF-FE-06-7C-36,0x20080029c69feeb,-79,1658198710.2219303
AC-1F-09-FF-FE-06-7C-36,0x20180029c69feeb,-108,1658198710.2298145
AC-1F-09-FF-FE-06-7C-36,0x20080029c69feeb,-76,1658198713.231937
AC-1F-09-FF-FE-06-7C-36,0x20180029c69feeb,-102,1658198713.2402594
AC-1F-09-FF-FE-06-7C-36,0x20080029c69feeb,-77,1658198716.2501602
AC-1F-09-FF-FE-06-7C-36,0x20180029c69feeb,-106,1658198716.2578125
AC-1F-09-FF-FE-06-7C-36,0x20180029c69feeb,-109,1658198719.2406454
AC-1F-09-FF-FE-06-7C-36,0x20080029c69feeb,-84,1658198719.2476456
AC-1F-09-FF-FE-06-7C-36,0x20080029c5e3677,-115,1658198722.222996
AC-1F-09-FF-FE-06-7C-36,0x20080029c69feeb,-78,1658198722.2246468
AC-1F-09-FF-FE-06-7C-36,0x20080029c69feeb,-77,1658198731.2023091
AC-1F-09-FF-FE-06-7C-36,0x20180029c69feeb,-109,1658198731.2100062
AC-1F-09-FF-FE-06-7C-36,0x20180029c69feeb,-105,1658198734.2419455
AC-1F-09-FF-FE-06-7C-36,0x20080029c69feeb,-75,1658198734.2498047
AC-1F-09-FF-FE-06-7C-36,0x20080029c69feeb,-71,1658198737.2218494
AC-1F-09-FF-FE-06-7C-36,0x20180029c69feeb,-100,1658198737.230074
AC-1F-09-FF-FE-06-7C-36,0x20080029c69feeb,-77,1658198740.2015483
AC-1F-09-FF-FE-06-7C-36,0x20180029c69feeb,-105,1658198740.2216575
AC-1F-09-FF-FE-06-7C-36,0x20180029c69feeb,-101,1658198743.232042
AC-1F-09-FF-FE-06-7C-36,0x20080029c69feeb,-79,1658198743.2418427
AC-1F-09-FF-FE-06-7C-36,0x20180029c69feeb,-98,1658198746.2221432
AC-1F-09-FF-FE-06-7C-36,0x20080029c69feeb,-75,1658198746.2300105
AC-1F-09-FF-FE-06-7C-36,0x20180029c69feeb,-100,1658198749.2321773
AC-1F-09-FF-FE-06-7C-36,0x20080029c69feeb,-83,1658198749.2400777
AC-1F-09-FF-FE-06-7C-36,0x20080029c69feeb,-82,1658198752.2078605
AC-1F-09-FF-FE-06-7C-36,0x20080029c69feeb,-90,1658198755.2318842
AC-1F-09-FF-FE-06-7C-36,0x20180029c69feeb,-105,1658198758.2399342
AC-1F-09-FF-FE-06-7C-36,0x20080029c69feeb,-78,1658198758.2408688
AC-1F-09-FF-FE-06-7C-36,0x20080029c69feeb,-82,1658198761.2318122
AC-1F-09-FF-FE-06-7C-36,0x20180029c69feeb,-112,1658198764.2217267
AC-1F-09-FF-FE-06-7C-36,0x20080029c69feeb,-81,1658198764.229714
AC-1F-09-FF-FE-06-7C-36,0x20080029c69feeb,-83,1658198767.222226
AC-1F-09-FF-FE-06-7C-36,0x20080029c69feeb,-82,1658198770.232303
AC-1F-09-FF-FE-06-7C-36,0x20180029c69feeb,-103,1658198770.2407823
AC-1F-09-FF-FE-06-7C-36,0x20180029c69feeb,-109,1658198773.2425525
AC-1F-09-FF-FE-06-7C-36,0x20080029c69feeb,-77,1658198773.2497265
AC-1F-09-FF-FE-06-7C-36,0x20080029c69feeb,-81,1658198776.2321231
AC-1F-09-FF-FE-06-7C-36,0x20080029c1ea300,-108,1658198776.2752447
AC-1F-09-FF-FE-06-7C-36,0x20080029c69feeb,-83,1658198779.211811
AC-1F-09-FF-FE-06-7C-36,0x20180029c69feeb,-108,1658198779.2218187
AC-1F-09-FF-FE-06-7C-36,0x20080029c69feeb,-83,1658198782.2420075
AC-1F-09-FF-FE-06-7C-36,0x20180029c69feeb,-113,1658198782.2497911
AC-1F-09-FF-FE-06-7C-36,0x20080029c69feeb,-84,1658198785.2221394
AC-1F-09-FF-FE-06-7C-36,0x20080029c69feeb,-81,1658198788.220749
AC-1F-09-FF-FE-06-7C-36,0x20080029c1ea300,-111,1658198791.214932
AC-1F-09-FF-FE-06-7C-36,0x20180029c69feeb,-109,1658198791.2222052
AC-1F-09-FF-FE-06-7C-36,0x20080029c69feeb,-84,1658198791.2339914
AC-1F-09-FF-FE-06-7C-36,0x20080029c69feeb,-80,1658198794.2019174
AC-1F-09-FF-FE-06-7C-36,0x20180029c69feeb,-106,1658198794.2219265
AC-1F-09-FF-FE-06-7C-36,0x20080029c69feeb,-91,1658198797.2317252
AC-1F-09-FF-FE-06-7C-36,0x20180029c69feeb,-111,1658198797.2398915
AC-1F-09-FF-FE-06-7C-36,0x20080029c69feeb,-82,1658198800.2418916
AC-1F-09-FF-FE-06-7C-36,0x20180029c69feeb,-112,1658198803.2315776
AC-1F-09-FF-FE-06-7C-36,0x20180029c69feeb,-108,1658198806.2318416
AC-1F-09-FF-FE-06-7C-36,0x20080029c69feeb,-88,1658198806.2410297
AC-1F-09-FF-FE-06-7C-36,0x20080029c5e3677,-114,1658198806.24455
AC-1F-09-FF-FE-06-7C-36,0x20080029c69feeb,-84,1658198809.2320266
AC-1F-09-FF-FE-06-7C-36,0x20080029c69feeb,-82,1658198812.2407403
AC-1F-09-FF-FE-06-7C-36,0x20180029c69feeb,-111,1658198812.2498105
AC-1F-09-FF-FE-06-7C-36,0x20080029c69feeb,-83,1658198815.2328694
AC-1F-09-FF-FE-06-7C-36,0x20180029c69feeb,-112,1658198815.2441165
AC-1F-09-FF-FE-06-7C-36,0x20080029c69feeb,-85,1658198818.2316399
AC-1F-09-FF-FE-06-7C-36,0x20180029c69feeb,-102,1658198818.2398648
AC-1F-09-FF-FE-06-7C-36,0x20180029c69feeb,-111,1658198821.2300034
AC-1F-09-FF-FE-06-7C-36,0x20180029c69feeb,-111,1658198824.2221704
AC-1F-09-FF-FE-06-7C-36,0x20080029c69feeb,-88,1658198827.221963
AC-1F-09-FF-FE-06-7C-36,0x20080029c69feeb,-81,1658198830.2317913
AC-1F-09-FF-FE-06-7C-36,0x20180029c69feeb,-106,1658198830.2396567
AC-1F-09-FF-FE-06-7C-36,0x20080029c69feeb,-83,1658198833.202538
AC-1F-09-FF-FE-06-7C-36,0x20180029c69feeb,-108,1658198836.2198484
AC-1F-09-FF-FE-06-7C-36,0x20080029c69feeb,-89,1658198836.2299206
AC-1F-09-FF-FE-06-7C-36,0x20180029c69feeb,-103,1658198839.231956
AC-1F-09-FF-FE-06-7C-36,0x20080029c69feeb,-77,1658198839.2399554
AC-1F-09-FF-FE-06-7C-36,0x20080029c69feeb,-74,1658198842.2219093
AC-1F-09-FF-FE-06-7C-36,0x20080029c69feeb,-77,1658198845.2500746
AC-1F-09-FF-FE-06-7C-36,0x20180029c69feeb,-101,1658198845.2578964
AC-1F-09-FF-FE-06-7C-36,0x20080029c69feeb,-81,1658198848.2117784
AC-1F-09-FF-FE-06-7C-36,0x20180029c69feeb,-102,1658198851.2321768
AC-1F-09-FF-FE-06-7C-36,0x20080029c69feeb,-83,1658198851.2399828
AC-1F-09-FF-FE-06-7C-36,0x20080029c69feeb,-76,1658198854.2511332
AC-1F-09-FF-FE-06-7C-36,0x20180029c69feeb,-102,1658198854.2517178
AC-1F-09-FF-FE-06-7C-36,0x20080029c69feeb,-79,1658198857.232279
AC-1F-09-FF-FE-06-7C-36,0x20180029c69feeb,-103,1658198857.2398849
AC-1F-09-FF-FE-06-7C-36,0x20080029c69feeb,-73,1658198860.211943
AC-1F-09-FF-FE-06-7C-36,0x20180029c69feeb,-100,1658198860.2318494
AC-1F-09-FF-FE-06-7C-36,0x20180029c69feeb,-103,1658198869.211732
AC-1F-09-FF-FE-06-7C-36,0x20080029c69feeb,-82,1658198869.2298026
AC-1F-09-FF-FE-06-7C-36,0x20080029c1ea300,-109,1658198872.2352068
AC-1F-09-FF-FE-06-7C-36,0x20180029c69feeb,-113,1658198872.2416759
AC-1F-09-FF-FE-06-7C-36,0x20080029c69feeb,-83,1658198872.2500122
AC-1F-09-FF-FE-06-7C-36,0x20080029c69feeb,-84,1658198875.240014
AC-1F-09-FF-FE-06-7C-36,0x20180029c69feeb,-107,1658198875.2482164
AC-1F-09-FF-FE-06-7C-36,0x20080029c69feeb,-82,1658198878.233074
AC-1F-09-FF-FE-06-7C-36,0x20180029c69feeb,-109,1658198878.240935
AC-1F-09-FF-FE-06-7C-36,0x20080029c69feeb,-88,1658198881.2418666
AC-1F-09-FF-FE-06-7C-36,0x20180029c69feeb,-109,1658198884.2418752
AC-1F-09-FF-FE-06-7C-36,0x20080029c69feeb,-85,1658198884.2497063
AC-1F-09-FF-FE-06-7C-36,0x20080029c69feeb,-84,1658198887.2318606
AC-1F-09-FF-FE-06-7C-36,0x20180029c69feeb,-102,1658198887.2399042
AC-1F-09-FF-FE-06-7C-36,0x20080029c69feeb,-83,1658198890.2320225
AC-1F-09-FF-FE-06-7C-36,0x20180029c69feeb,-102,1658198890.239699
AC-1F-09-FF-FE-06-7C-36,0x20180029c69feeb,-102,1658198893.2419348
AC-1F-09-FF-FE-06-7C-36,0x20080029c69feeb,-84,1658198893.2499008
AC-1F-09-FF-FE-06-7C-36,0x20180029c69feeb,-106,1658198896.2400746
AC-1F-09-FF-FE-06-7C-36,0x20080029c69feeb,-84,1658198896.240937
AC-1F-09-FF-FE-06-7C-36,0x20080029c69feeb,-82,1658198899.2319927
AC-1F-09-FF-FE-06-7C-36,0x20180029c69feeb,-105,1658198899.240282
AC-1F-09-FF-FE-06-7C-36,0x20080029c69feeb,-75,1658198902.2313988
AC-1F-09-FF-FE-06-7C-36,0x20180029c69feeb,-99,1658198902.2316551
AC-1F-09-FF-FE-06-7C-36,0x20080029c69feeb,-77,1658198905.2608495
AC-1F-09-FF-FE-06-7C-36,0x20180029c69feeb,-97,1658198905.2702882
AC-1F-09-FF-FE-06-7C-36,0x20080029c69feeb,-84,1658198908.2318451
AC-1F-09-FF-FE-06-7C-36,0x20180029c69feeb,-105,1658198908.2398918
AC-1F-09-FF-FE-06-7C-36,0x20080029c69feeb,-83,1658198911.2411993
AC-1F-09-FF-FE-06-7C-36,0x20180029c69feeb,-102,1658198911.2414737
AC-1F-09-FF-FE-06-7C-36,0x20180029c69feeb,-102,1658198914.2119243
AC-1F-09-FF-FE-06-7C-36,0x20080029c69feeb,-77,1658198914.2203014
AC-1F-09-FF-FE-06-7C-36,0x20080029c69feeb,-75,1658198917.2417526
AC-1F-09-FF-FE-06-7C-36,0x20180029c69feeb,-100,1658198917.242611
AC-1F-09-FF-FE-06-7C-36,0x20080029c69feeb,-82,1658198920.2500336
AC-1F-09-FF-FE-06-7C-36,0x20180029c69feeb,-102,1658198920.2580006
AC-1F-09-FF-FE-06-7C-36,0x20080029c69feeb,-82,1658198923.2119322
AC-1F-09-FF-FE-06-7C-36,0x20180029c69feeb,-103,1658198923.2202895
AC-1F-09-FF-FE-06-7C-36,0x20080029c69feeb,-77,1658198926.2397842
AC-1F-09-FF-FE-06-7C-36,0x20180029c69feeb,-100,1658198926.241735
AC-1F-09-FF-FE-06-7C-36,0x20180029c69feeb,-101,1658198929.2426426
AC-1F-09-FF-FE-06-7C-36,0x20080029c69feeb,-84,1658198929.2508786
AC-1F-09-FF-FE-06-7C-36,0x20180029c69feeb,-100,1658198932.2510107
AC-1F-09-FF-FE-06-7C-36,0x20080029c69feeb,-84,1658198932.2682834
AC-1F-09-FF-FE-06-7C-36,0x20180029c69feeb,-100,1658198935.23215
AC-1F-09-FF-FE-06-7C-36,0x20080029c69feeb,-81,1658198935.2481554
AC-1F-09-FF-FE-06-7C-36,0x20080029c69feeb,-82,1658198938.2211277
AC-1F-09-FF-FE-06-7C-36,0x20180029c69feeb,-109,1658198938.2213702
AC-1F-09-FF-FE-06-7C-36,0x20180029c69feeb,-111,1658198941.2240617
AC-1F-09-FF-FE-06-7C-36,0x20080029c69feeb,-81,1658198941.241904
AC-1F-09-FF-FE-06-7C-36,0x20080029c69feeb,-85,1658198944.2322228
AC-1F-09-FF-FE-06-7C-36,0x20080029c1ea300,-109,1658198944.2341514
AC-1F-09-FF-FE-06-7C-36,0x20180029c69feeb,-111,1658198944.2397187
AC-1F-09-FF-FE-06-7C-36,0x20180029c69feeb,-107,1658198947.2401986
AC-1F-09-FF-FE-06-7C-36,0x20080029c69feeb,-84,1658198947.2557147
AC-1F-09-FF-FE-06-7C-36,0x20080029c69feeb,-78,1658198950.2319715
AC-1F-09-FF-FE-06-7C-36,0x20180029c69feeb,-99,1658198950.2398794
AC-1F-09-FF-FE-06-7C-36,0x20080029c69feeb,-77,1658198953.221928
AC-1F-09-FF-FE-06-7C-36,0x20180029c69feeb,-99,1658198953.2300699
AC-1F-09-FF-FE-06-7C-36,0x20180029c69feeb,-97,1658198956.2318883
AC-1F-09-FF-FE-06-7C-36,0x20080029c69feeb,-83,1658198956.240117
AC-1F-09-FF-FE-06-7C-36,0x20180029c69feeb,-101,1658198959.2117968
AC-1F-09-FF-FE-06-7C-36,0x20080029c69feeb,-71,1658198959.2291262
AC-1F-09-FF-FE-06-7C-36,0x20180029c69feeb,-102,1658198962.2321682
AC-1F-09-FF-FE-06-7C-36,0x20080029c69feeb,-76,1658198962.2399037
AC-1F-09-FF-FE-06-7C-36,0x20180029c69feeb,-100,1658198965.2528756
AC-1F-09-FF-FE-06-7C-36,0x20080029c69feeb,-71,1658198965.2612555
AC-1F-09-FF-FE-06-7C-36,0x20080029c69feeb,-70,1658198968.2421033
AC-1F-09-FF-FE-06-7C-36,0x20180029c69feeb,-93,1658198968.249984
AC-1F-09-FF-FE-06-7C-36,0x20180029c69feeb,-94,1658198971.232369
AC-1F-09-FF-FE-06-7C-36,0x20080029c69feeb,-70,1658198971.2399085
AC-1F-09-FF-FE-06-7C-36,0x20080029c69feeb,-84,1658198974.2417607
AC-1F-09-FF-FE-06-7C-36,0x20180029c69feeb,-107,1658198974.249822
AC-1F-09-FF-FE-06-7C-36,0x20080029c69feeb,-80,1658198977.2321098
AC-1F-09-FF-FE-06-7C-36,0x20180029c69feeb,-107,1658198977.2400498
AC-1F-09-FF-FE-06-7C-36,0x20080029c69feeb,-83,1658198980.2321105
AC-1F-09-FF-FE-06-7C-36,0x20080029c69feeb,-84,1658198983.232049
AC-1F-09-FF-FE-06-7C-36,0x20080029c69feeb,-88,1658198986.242928
AC-1F-09-FF-FE-06-7C-36,0x20180029c69feeb,-109,1658198986.2508445
AC-1F-09-FF-FE-06-7C-36,0x20180029c69feeb,-100,1658198989.2320988
AC-1F-09-FF-FE-06-7C-36,0x20080029c69feeb,-75,1658198989.240038
AC-1F-09-FF-FE-06-7C-36,0x20080029c69feeb,-77,1658198992.2509701
AC-1F-09-FF-FE-06-7C-36,0x20180029c69feeb,-103,1658198992.2514722
AC-1F-09-FF-FE-06-7C-36,0x20180029c69feeb,-102,1658198995.2319572
AC-1F-09-FF-FE-06-7C-36,0x20080029c69feeb,-76,1658198995.2416558
AC-1F-09-FF-FE-06-7C-36,0x20080029c69feeb,-77,1658198998.25115
AC-1F-09-FF-FE-06-7C-36,0x20180029c69feeb,-106,1658198998.251429
AC-1F-09-FF-FE-06-7C-36,0x20180029c69feeb,-101,1658199001.241987
AC-1F-09-FF-FE-06-7C-36,0x20080029c69feeb,-77,1658199001.2497728
