tag,gateway,rssi,ts
AC-1F-09-FF-FE-08-FD-F1,20080029c5e3677,-108,1671084504.1888213
AC-1F-09-FF-FE-08-FD-F1,20080029c5e3677,-114,1671084511.6909928
AC-1F-09-FF-FE-08-FD-F1,20080029c5e3677,-113,1671084526.7105315
AC-1F-09-FF-FE-08-FD-F1,20080029c5e3677,-107,1671084534.2084126
AC-1F-09-FF-FE-08-FD-F1,20080029c5e3677,-113,1671084541.7108202
AC-1F-09-FF-FE-08-FD-F1,20080029c5e3677,-112,1671084549.2106695
AC-1F-09-FF-FE-08-FD-F1,20080029c5e3677,-114,1671084556.6713507
AC-1F-09-FF-FE-08-FD-F1,20080029c5e3677,-113,1671084571.690535
AC-1F-09-FF-FE-08-FD-F1,20080029c45752f,-107,1671084579.1731753
AC-1F-09-FF-FE-08-FD-F1,20080029c1ea300,-109,1671084579.1954052
AC-1F-09-FF-FE-08-FD-F1,20080029c5e3677,-115,1671084579.1984875
AC-1F-09-FF-FE-08-FD-F1,20080029c5e3677,-111,1671084586.6992085
AC-1F-09-FF-FE-08-FD-F1,20080029c5e3677,-111,1671084594.1986613
AC-1F-09-FF-FE-08-FD-F1,20080029c5e3677,-112,1671084601.6886895
AC-1F-09-FF-FE-08-FD-F1,20080029c5e3677,-115,1671084616.6783192
AC-1F-09-FF-FE-08-FD-F1,20080029c5e3677,-108,1671084631.6594462
AC-1F-09-FF-FE-08-FD-F1,20080029c5e3677,-114,1671084661.6654491
AC-1F-09-FF-FE-08-FD-F1,20080029c5e3677,-114,1671084676.905473
AC-1F-09-FF-FE-08-FD-F1,20080029c5e3677,-112,1671084684.176343
AC-1F-09-FF-FE-08-FD-F1,20080029c5e3677,-111,1671084691.692161
AC-1F-09-FF-FE-08-FD-F1,20080029c5e3677,-113,1671084699.1683547
AC-1F-09-FF-FE-08-FD-F1,20080029c5e3677,-114,1671084706.6893427
AC-1F-09-FF-FE-08-FD-F1,20080029c5e3677,-115,1671084736.6587648
AC-1F-09-FF-FE-08-FD-F1,20080029c5e3677,-113,1671084751.6581624
AC-1F-09-FF-FE-08-FD-F1,20080029c1ea300,-101,1671084751.7354393
AC-1F-09-FF-FE-08-FD-F1,20080029c5e3677,-108,1671084759.158145
AC-1F-09-FF-FE-08-FD-F1,20080029c5e3677,-112,1671084781.6581647
AC-1F-09-FF-FE-08-FD-F1,20080029c5e3677,-114,1671084826.6662936
AC-1F-09-FF-FE-08-FD-F1,20080029c5e3677,-113,1671084834.158761
AC-1F-09-FF-FE-08-FD-F1,20080029c5e3677,-109,1671084856.6583211
AC-1F-09-FF-FE-08-FD-F1,20080029c5e3677,-109,1671084864.167775
AC-1F-09-FF-FE-08-FD-F1,20080029c5e3677,-113,1671084871.638336
AC-1F-09-FF-FE-08-FD-F1,20080029c5e3677,-107,1671084879.144956
AC-1F-09-FF-FE-08-FD-F1,20080029c1ea300,-104,1671084886.634646
AC-1F-09-FF-FE-08-FD-F1,20080029c5e3677,-113,1671084886.667844
AC-1F-09-FF-FE-08-FD-F1,20080029c5e3677,-106,1671084894.1693995
AC-1F-09-FF-FE-08-FD-F1,20080029c5e3677,-114,1671084901.6583362
AC-1F-09-FF-FE-08-FD-F1,20080029c5e3677,-113,1671084909.1377616
AC-1F-09-FF-FE-08-FD-F1,20080029c1ea300,-109,1671084909.20417
AC-1F-09-FF-FE-08-FD-F1,20080029c5e3677,-114,1671084916.6378293
AC-1F-09-FF-FE-08-FD-F1,20080029c1ea300,-105,1671084916.6543908
AC-1F-09-FF-FE-08-FD-F1,20080029c5e3677,-111,1671084924.1499026
AC-1F-09-FF-FE-08-FD-F1,20080029c5e3677,-111,1671084931.6382587
AC-1F-09-FF-FE-08-FD-F1,20080029c5e3677,-115,1671084939.147778
AC-1F-09-FF-FE-08-FD-F1,20080029c5e3677,-105,1671084946.647612
AC-1F-09-FF-FE-08-FD-F1,20080029c5e3677,-109,1671084954.127791
AC-1F-09-FF-FE-08-FD-F1,20080029c5e3677,-109,1671084984.1380367
AC-1F-09-FF-FE-08-FD-F1,20080029c5e3677,-113,1671084991.645599
AC-1F-09-FF-FE-08-FD-F1,20080029c5e3677,-114,1671085014.137783
AC-1F-09-FF-FE-08-FD-F1,20080029c5e3677,-114,1671085021.6380637
AC-1F-09-FF-FE-08-FD-F1,20080029c5e3677,-113,1671085029.1279182
AC-1F-09-FF-FE-08-FD-F1,20080029c1ea300,-111,1671085029.1443124
AC-1F-09-FF-FE-08-FD-F1,20080029c5e3677,-117,1671085036.6276839
AC-1F-09-FF-FE-08-FD-F1,20080029c5e3677,-109,1671085044.107699
AC-1F-09-FF-FE-08-FD-F1,20080029c1ea300,-108,1671085044.1445687
AC-1F-09-FF-FE-08-FD-F1,20080029c5e3677,-113,1671085051.6177506
AC-1F-09-FF-FE-08-FD-F1,20080029c5e3677,-113,1671085059.1176317
AC-1F-09-FF-FE-08-FD-F1,20080029c5e3677,-113,1671085081.637432
AC-1F-09-FF-FE-08-FD-F1,20080029c5e3677,-112,1671085141.6125011
AC-1F-09-FF-FE-08-FD-F1,20080029c5e3677,-113,1671085149.114312
AC-1F-09-FF-FE-08-FD-F1,20080029c1ea300,-108,1671085149.1240177
AC-1F-09-FF-FE-08-FD-F1,20080029c5e3677,-111,1671085156.6023426
AC-1F-09-FF-FE-08-FD-F1,20080029c5e3677,-96,1671085164.1023598
AC-1F-09-FF-FE-08-FD-F1,20080029c5e3677,-115,1671085171.6025238
AC-1F-09-FF-FE-08-FD-F1,20080029c5e3677,-111,1671085186.582433
AC-1F-09-FF-FE-08-FD-F1,20080029c5e3677,-115,1671085194.1022546
AC-1F-09-FF-FE-08-FD-F1,20080029c5e3677,-115,1671085209.1023762
AC-1F-09-FF-FE-08-FD-F1,20080029c1ea300,-109,1671085209.284021
AC-1F-09-FF-FE-08-FD-F1,20080029c5e3677,-115,1671085216.582466
AC-1F-09-FF-FE-08-FD-F1,20080029c5e3677,-111,1671085224.0923107
AC-1F-09-FF-FE-08-FD-F1,20080029c5e3677,-113,1671085239.1023552
AC-1F-09-FF-FE-08-FD-F1,20080029c1ea300,-105,1671085239.1040573
AC-1F-09-FF-FE-08-FD-F1,20080029c5e3677,-115,1671085246.6122675
AC-1F-09-FF-FE-08-FD-F1,20080029c1ea300,-107,1671085284.0971103
AC-1F-09-FF-FE-08-FD-F1,20080029c5e3677,-109,1671085291.794446
AC-1F-09-FF-FE-08-FD-F1,20080029c5e3677,-109,1671085299.117738
AC-1F-09-FF-FE-08-FD-F1,20080029c5e3677,-115,1671085306.6030383
AC-1F-09-FF-FE-08-FD-F1,20080029c5e3677,-111,1671085314.0878148
AC-1F-09-FF-FE-08-FD-F1,20080029c5e3677,-111,1671085336.5975924
AC-1F-09-FF-FE-08-FD-F1,20080029c5e3677,-111,1671085351.784367
AC-1F-09-FF-FE-08-FD-F1,20080029c5e3677,-113,1671085366.5741987
AC-1F-09-FF-FE-08-FD-F1,20080029c5e3677,-115,1671085381.5944335
AC-1F-09-FF-FE-08-FD-F1,20080029c5e3677,-107,1671085441.5854526
AC-1F-09-FF-FE-08-FD-F1,20080029c5e3677,-114,1671085449.0816667
AC-1F-09-FF-FE-08-FD-F1,20080029c5e3677,-111,1671085471.5682116
AC-1F-09-FF-FE-08-FD-F1,20080029c5e3677,-115,1671085479.0679436
AC-1F-09-FF-FE-08-FD-F1,20080029c5e3677,-112,1671085486.5683954
AC-1F-09-FF-FE-08-FD-F1,20080029c5e3677,-113,1671085501.5885136
AC-1F-09-FF-FE-08-FD-F1,20080029c1ea300,-101,1671085516.6344168
AC-1F-09-FF-FE-08-FD-F1,20080029c5e3677,-113,1671085524.0625954
AC-1F-09-FF-FE-08-FD-E0,20080029c45752f,-102,1671088003.1884718
AC-1F-09-FF-FE-08-FD-E0,20080029c5e3677,-109,1671088032.4584055
AC-1F-09-FF-FE-08-FD-E0,20080029c1ea300,-100,1671088032.520206
AC-1F-09-FF-FE-08-FD-E0,20080029c45752f,-103,1671088047.4566166
AC-1F-09-FF-FE-08-FD-E0,20080029c5e3677,-101,1671088047.458557
AC-1F-09-FF-FE-08-FD-E0,20080029c1ea300,-91,1671088055.010165
AC-1F-09-FF-FE-08-FD-E0,20080029c5e3677,-113,1671088077.4385912
AC-1F-09-FF-FE-08-FD-E0,20080029c1ea300,-108,1671088077.5004406
AC-1F-09-FF-FE-08-FD-E0,20080029c45752f,-107,1671088084.987401
AC-1F-09-FF-FE-08-FD-E0,20080029c1ea300,-104,1671088085.0206935
AC-1F-09-FF-FE-08-FD-E0,20080029c45752f,-103,1671088092.49718
AC-1F-09-FF-FE-08-FD-E0,20080029c1ea300,-103,1671088092.5195403
AC-1F-09-FF-FE-08-FD-E0,20080029c5e3677,-113,1671088107.4587982
AC-1F-09-FF-FE-08-FD-E0,20080029c45752f,-107,1671088107.489685
AC-1F-09-FF-FE-08-FD-E0,20080029c1ea300,-99,1671088107.5202875
AC-1F-09-FF-FE-08-FD-E0,20080029c5e3677,-113,1671088114.9724994
AC-1F-09-FF-FE-08-FD-E0,20080029c45752f,-101,1671088122.459062
AC-1F-09-FF-FE-08-FD-E0,20080029c45752f,-105,1671088167.432842
AC-1F-09-FF-FE-08-FD-E0,20080029c5e3677,-113,1671088167.4494867
AC-1F-09-FF-FE-08-FD-E0,20080029c1ea300,-103,1671088167.5201738
AC-1F-09-FF-FE-08-FD-E0,20080029c5e3677,-111,1671088190.0062249
AC-1F-09-FF-FE-08-FD-E0,20080029c5e3677,-114,1671088204.9495552
AC-1F-09-FF-FE-08-FD-E0,20080029c1ea300,-103,1671088204.960094
AC-1F-09-FF-FE-08-FD-E0,20080029c5e3677,-111,1671088219.9298198
AC-1F-09-FF-FE-08-FD-E0,20080029c1ea300,-106,1671088220.0201864
AC-1F-09-FF-FE-08-FD-E0,20080029c5e3677,-111,1671088227.5054564
AC-1F-09-FF-FE-08-FD-E0,20080029c1ea300,-103,1671088227.5101037
AC-1F-09-FF-FE-08-FD-E0,20080029c5e3677,-114,1671088234.9294379
AC-1F-09-FF-FE-08-FD-E0,20080029c1ea300,-103,1671088235.010431
AC-1F-09-FF-FE-08-FD-E0,20080029c5e3677,-111,1671088257.4492688
AC-1F-09-FF-FE-08-FD-E0,20080029c45752f,-105,1671088257.4603722
AC-1F-09-FF-FE-08-FD-E0,20080029c1ea300,-103,1671088257.4801087
AC-1F-09-FF-FE-08-FD-E0,20080029c5e3677,-115,1671088264.9692795
AC-1F-09-FF-FE-08-FD-E0,20080029c45752f,-102,1671088264.9803245
AC-1F-09-FF-FE-08-FD-E0,20080029c1ea300,-91,1671088265.0398285
AC-1F-09-FF-FE-08-FD-E0,20080029c5e3677,-114,1671088295.1671417
AC-1F-09-FF-FE-08-FD-E0,20080029c5e3677,-109,1671088302.45895
AC-1F-09-FF-FE-08-FD-E0,20080029c5e3677,-109,1671088309.9501565
AC-1F-09-FF-FE-08-FD-E0,20080029c5e3677,-117,1671088317.4485512
AC-1F-09-FF-FE-08-FD-E0,20080029c5e3677,-111,1671088332.6501327
AC-1F-09-FF-FE-08-FD-E0,20080029c1ea300,-99,1671088362.5002568
AC-1F-09-FF-FE-08-FD-E0,20080029c5e3677,-111,1671088377.4607635
AC-1F-09-FF-FE-08-FD-E0,20080029c1ea300,-107,1671088377.5208232
AC-1F-09-FF-FE-08-FD-E0,20080029c5e3677,-112,1671088407.4572499
AC-1F-09-FF-FE-08-FD-E0,20080029c1ea300,-102,1671088407.5300543
AC-1F-09-FF-FE-08-FD-E0,20080029c45752f,-102,1671088414.9612458
AC-1F-09-FF-FE-08-FD-E0,20080029c1ea300,-105,1671088415.0212703
AC-1F-09-FF-FE-08-FD-E0,20080029c5e3677,-109,1671088429.9585006
AC-1F-09-FF-FE-08-FD-E0,20080029c45752f,-103,1671088429.9602067
AC-1F-09-FF-FE-08-FD-E0,20080029c1ea300,-105,1671088430.020577
AC-1F-09-FF-FE-08-FD-E0,20080029c5e3677,-114,1671088445.1515634
AC-1F-09-FF-FE-08-FD-E0,20080029c5e3677,-109,1671088452.4433975
AC-1F-09-FF-FE-08-FD-E0,20080029c5e3677,-109,1671088459.9433832
AC-1F-09-FF-FE-08-FD-E0,20080029c1ea300,-102,1671088460.4005606
AC-1F-09-FF-FE-08-FD-E0,20080029c5e3677,-113,1671088474.9437013
AC-1F-09-FF-FE-08-FD-E0,20080029c5e3677,-113,1671088482.4715548
AC-1F-09-FF-FE-08-FD-E0,20080029c5e3677,-117,1671088497.4435804
AC-1F-09-FF-FE-08-FD-E0,20080029c5e3677,-117,1671088504.9533324
AC-1F-09-FF-FE-08-FD-E0,20080029c5e3677,-111,1671088519.9635575
AC-1F-09-FF-FE-08-FD-E0,20080029c5e3677,-113,1671088527.4637733
AC-1F-09-FF-FE-08-FD-E0,20080029c1ea300,-78,1671088527.510365
AC-1F-09-FF-FE-08-FD-E0,20080029c5e3677,-112,1671088534.9721634
AC-1F-09-FF-FE-08-FD-E0,20080029c1ea300,-102,1671088534.9909842
AC-1F-09-FF-FE-08-FD-E0,20080029c5e3677,-109,1671088549.9441547
AC-1F-09-FF-FE-08-FD-E0,20080029c1ea300,-101,1671088550.0001485
AC-1F-09-FF-FE-08-FD-E0,20080029c5e3677,-112,1671088557.4516752
AC-1F-09-FF-FE-08-FD-E0,20080029c1ea300,-100,1671088557.5108364
AC-1F-09-FF-FE-08-FD-E0,20080029c5e3677,-114,1671088564.9719121
AC-1F-09-FF-FE-08-FD-E0,20080029c1ea300,-103,1671088565.0206664
AC-1F-09-FF-FE-08-FD-E0,20080029c5e3677,-111,1671088579.9719906
AC-1F-09-FF-FE-08-FD-E0,20080029c1ea300,-103,1671088580.0205297
AC-1F-09-FF-FE-08-FD-E0,20080029c5e3677,-113,1671088587.4415314
AC-1F-09-FF-FE-08-FD-E0,20080029c45752f,-105,1671088587.4912071
AC-1F-09-FF-FE-08-FD-E0,20080029c1ea300,-80,1671088587.5201013
AC-1F-09-FF-FE-08-FD-E0,20080029c1ea300,-103,1671088625.0206573
AC-1F-09-FF-FE-08-FD-E0,20080029c5e3677,-113,1671088625.1418495
AC-1F-09-FF-FE-08-FD-E0,20080029c5e3677,-115,1671088647.4679196
AC-1F-09-FF-FE-08-FD-E0,20080029c1ea300,-105,1671088655.0014362
AC-1F-09-FF-FE-08-FD-E0,20080029c5e3677,-113,1671088677.4685824
AC-1F-09-FF-FE-08-FD-E0,20080029c45752f,-103,1671088692.4704046
AC-1F-09-FF-FE-08-FD-E0,20080029c5e3677,-113,1671088700.1519418
AC-1F-09-FF-FE-08-FD-E0,20080029c5e3677,-113,1671088722.4420962
AC-1F-09-FF-FE-08-FD-E0,20080029c5e3677,-112,1671088737.4417863
AC-1F-09-FF-FE-08-FD-E0,20080029c1ea300,-105,1671088737.5311685
AC-1F-09-FF-FE-08-FD-E0,20080029c1ea300,-105,1671088745.0110488
AC-1F-09-FF-FE-08-FD-E0,20080029c1ea300,-88,1671088760.0212662
AC-1F-09-FF-FE-08-FD-E0,20080029c5e3677,-114,1671088767.464058
AC-1F-09-FF-FE-08-FD-E0,20080029c5e3677,-114,1671088774.964061
AC-1F-09-FF-FE-08-FD-E0,20080029c1ea300,-106,1671088775.0406392
AC-1F-09-FF-FE-08-FD-E0,20080029c5e3677,-113,1671088782.4439418
AC-1F-09-FF-FE-08-FD-E0,20080029c5e3677,-111,1671088789.9638066
AC-1F-09-FF-FE-08-FD-E0,20080029c1ea300,-105,1671088797.5313504
AC-1F-09-FF-FE-08-FD-E0,20080029c1ea300,-102,1671088805.0207283
AC-1F-09-FF-FE-08-FD-E0,20080029c5e3677,-102,1671088812.4639127
AC-1F-09-FF-FE-08-FD-E0,20080029c1ea300,-102,1671088812.5110357
AC-1F-09-FF-FE-08-FD-E0,20080029c1ea300,-99,1671088820.0213897
AC-1F-09-FF-FE-08-FD-E0,20080029c5e3677,-113,1671088827.6511636
AC-1F-09-FF-FE-08-FD-E0,20080029c5e3677,-109,1671088834.9490056
AC-1F-09-FF-FE-08-FD-E0,20080029c5e3677,-114,1671088842.4489691
AC-1F-09-FF-FE-08-FD-E0,20080029c5e3677,-113,1671088857.4691875
AC-1F-09-FF-FE-08-FD-E0,20080029c45752f,-94,1671088872.4736364
AC-1F-09-FF-FE-08-FD-E0,20080029c1ea300,-105,1671088879.941089
AC-1F-09-FF-FE-08-FD-E0,20080029c5e3677,-108,1671088880.1511855
AC-1F-09-FF-FE-08-FD-E0,20080029c5e3677,-113,1671088894.9641523
AC-1F-09-FF-FE-08-FD-E0,20080029c5e3677,-112,1671088902.4763873
AC-1F-09-FF-FE-08-FD-E0,20080029c1ea300,-97,1671088917.5112755
AC-1F-09-FF-FE-08-FD-E0,20080029c5e3677,-113,1671088917.653914
AC-1F-09-FF-FE-08-FD-E0,20080029c5e3677,-115,1671088924.9639618
AC-1F-09-FF-FE-08-FD-E0,20080029c1ea300,-103,1671088925.0308795
AC-1F-09-FF-FE-08-FD-E0,20080029c45752f,-103,1671088932.4687047
AC-1F-09-FF-FE-08-FD-E0,20080029c5e3677,-114,1671088947.4436677
AC-1F-09-FF-FE-08-FD-E0,20080029c1ea300,-101,1671088947.5109916
AC-1F-09-FF-FE-08-FD-E0,20080029c5e3677,-114,1671088954.950875
AC-1F-09-FF-FE-08-FD-E0,20080029c5e3677,-108,1671088969.9498868
AC-1F-09-FF-FE-08-FD-E0,20080029c1ea300,-106,1671088970.0113091
AC-1F-09-FF-FE-08-FD-E0,20080029c5e3677,-115,1671088984.9501967
AC-1F-09-FF-FE-08-FD-E0,20080029c5e3677,-109,1671088992.4640062
AC-1F-09-FF-FE-08-FD-E0,20080029c1ea300,-101,1671089015.0011098
AC-1F-09-FF-FE-08-FD-E0,20080029c5e3677,-112,1671089037.474396
AC-1F-09-FF-FE-08-FD-E0,20080029c1ea300,-101,1671089037.5016205
AC-1F-09-FF-FE-08-FD-E0,20080029c5e3677,-115,1671089044.9520252
AC-1F-09-FF-FE-08-FD-E0,20080029c1ea300,-103,1671089044.9618604
AC-1F-09-FF-FE-08-FD-E0,20080029c1ea300,-106,1671089059.9612393
AC-1F-09-FF-FE-08-FD-E0,20080029c5e3677,-113,1671089067.4732277
AC-1F-09-FF-FE-08-FD-E0,20080029c1ea300,-100,1671089067.5111847
AC-1F-09-FF-FE-08-FD-E0,20080029c45752f,-101,1671089067.6296644
AC-1F-09-FF-FE-08-FD-E0,20080029c5e3677,-111,1671089089.9435692
AC-1F-09-FF-FE-08-FD-E0,20080029c5e3677,-117,1671089097.452454
AC-1F-09-FF-FE-08-FD-E0,20080029c1ea300,-102,1671089097.5214534
AC-1F-09-FF-FE-08-FD-E0,20080029c5e3677,-106,1671089104.9511604
AC-1F-09-FF-FE-08-FD-E0,20080029c5e3677,-111,1671089119.9593694
AC-1F-09-FF-FE-08-FD-E0,20080029c45752f,-101,1671089119.9669282
AC-1F-09-FF-FE-08-FD-E0,20080029c1ea300,-104,1671089120.0110188
AC-1F-09-FF-FE-08-FD-E0,20080029c5e3677,-115,1671089127.4588723
AC-1F-09-FF-FE-08-FD-E0,20080029c5e3677,-113,1671089134.9514282
AC-1F-09-FF-FE-08-FD-E0,20080029c5e3677,-109,1671089150.1474187
AC-1F-09-FF-FE-08-FD-E0,20080029c5e3677,-113,1671089157.432194
AC-1F-09-FF-FE-08-FD-E0,20080029c1ea300,-103,1671089157.520697
AC-1F-09-FF-FE-08-FD-E0,20080029c5e3677,-113,1671089172.4543781
AC-1F-09-FF-FE-08-FD-E0,20080029c1ea300,-103,1671089187.5111966
AC-1F-09-FF-FE-08-FD-E0,20080029c5e3677,-114,1671089187.6448355
AC-1F-09-FF-FE-08-FD-E0,20080029c5e3677,-114,1671089194.94926
AC-1F-09-FF-FE-08-FD-E0,20080029c1ea300,-105,1671089195.021471
AC-1F-09-FF-FE-08-FD-E0,20080029c1ea300,-100,1671089210.0109813
AC-1F-09-FF-FE-08-FD-E0,20080029c5e3677,-109,1671089210.0190775
AC-1F-09-FF-FE-08-FD-E0,20080029c5e3677,-113,1671089224.9312787
AC-1F-09-FF-FE-08-FD-E0,20080029c1ea300,-100,1671089224.9709525
AC-1F-09-FF-FE-08-FD-E0,20080029c1ea300,-94,1671089232.450874
AC-1F-09-FF-FE-08-FD-E0,20080029c45752f,-99,1671089232.4687998
AC-1F-09-FF-FE-08-FD-E0,20080029c45752f,-101,1671089247.448974
AC-1F-09-FF-FE-08-FD-E0,20080029c5e3677,-114,1671089247.4496584
AC-1F-09-FF-FE-08-FD-E0,20080029c1ea300,-102,1671089247.5212302
AC-1F-09-FF-FE-08-FD-E0,20080029c5e3677,-112,1671089254.949143
AC-1F-09-FF-FE-08-FD-E0,20080029c5e3677,-113,1671089262.4454257
AC-1F-09-FF-FE-08-FD-E0,20080029c5e3677,-112,1671089277.6496174
AC-1F-09-FF-FE-08-FD-E0,20080029c5e3677,-112,1671089284.9433792
AC-1F-09-FF-FE-08-FD-E0,20080029c1ea300,-103,1671089285.0610406
AC-1F-09-FF-FE-08-FD-E0,20080029c5e3677,-111,1671089292.4492064
AC-1F-09-FF-FE-08-FD-E0,20080029c45752f,-102,1671089322.5033154
AC-1F-09-FF-FE-08-FD-E0,20080029c5e3677,-113,1671089359.9434729
AC-1F-09-FF-FE-08-FD-E0,20080029c1ea300,-107,1671089360.0113735
AC-1F-09-FF-FE-08-FD-E0,20080029c5e3677,-114,1671089367.443593
AC-1F-09-FF-FE-08-FD-E0,20080029c1ea300,-103,1671089367.5110333
AC-1F-09-FF-FE-08-FD-E0,20080029c5e3677,-114,1671089390.1565008
AC-1F-09-FF-FE-08-FD-E0,20080029c45752f,-103,1671089397.4356067
AC-1F-09-FF-FE-08-FD-E0,20080029c5e3677,-113,1671089397.450174
AC-1F-09-FF-FE-08-FD-E0,20080029c5e3677,-115,1671089404.9584584
AC-1F-09-FF-FE-08-FD-E0,20080029c5e3677,-115,1671089412.4466038
AC-1F-09-FF-FE-08-FD-E0,20080029c5e3677,-111,1671089419.9979713
AC-1F-09-FF-FE-08-FD-E0,20080029c5e3677,-115,1671089434.9740143
AC-1F-09-FF-FE-08-FD-E0,20080029c5e3677,-114,1671089457.4503312
AC-1F-09-FF-FE-08-FD-E0,20080029c1ea300,-103,1671089465.0417511
AC-1F-09-FF-FE-08-FD-E0,20080029c45752f,-101,1671089472.4651153
AC-1F-09-FF-FE-08-FD-E0,20080029c5e3677,-111,1671089479.950634
AC-1F-09-FF-FE-08-FD-E0,20080029c5e3677,-114,1671089487.4504519
AC-1F-09-FF-FE-08-FD-E0,20080029c5e3677,-113,1671089502.4507432
AC-1F-09-FF-FE-08-FD-E0,20080029c5e3677,-111,1671089509.9510894
AC-1F-09-FF-FE-08-FD-E0,20080029c1ea300,-105,1671089510.0011888
AC-1F-09-FF-FE-08-FD-E0,20080029c1ea300,-103,1671089517.4412727
AC-1F-09-FF-FE-08-FD-E0,20080029c5e3677,-114,1671089517.446722
AC-1F-09-FF-FE-08-FD-E0,20080029c5e3677,-115,1671089532.6489542
AC-1F-09-FF-FE-08-FD-E0,20080029c45752f,-103,1671089547.4466672
AC-1F-09-FF-FE-08-FD-E0,20080029c5e3677,-113,1671089547.457376
AC-1F-09-FF-FE-08-FD-E0,20080029c1ea300,-100,1671089547.5118868
AC-1F-09-FF-FE-08-FD-E0,20080029c5e3677,-114,1671089554.949324
AC-1F-09-FF-FE-08-FD-E0,20080029c45752f,-103,1671089562.47609
AC-1F-09-FF-FE-08-FD-E0,20080029c1ea300,-107,1671089562.531727
AC-1F-09-FF-FE-08-FD-E0,20080029c5e3677,-111,1671089570.1484046
AC-1F-09-FF-FE-08-FD-E0,20080029c5e3677,-114,1671089577.448667
AC-1F-09-FF-FE-08-FD-E0,20080029c1ea300,-103,1671089577.5109842
AC-1F-09-FF-FE-08-FD-E0,20080029c5e3677,-114,1671089584.9282978
AC-1F-09-FF-FE-08-FD-E0,20080029c1ea300,-102,1671089585.0216513
AC-1F-09-FF-FE-08-FD-E0,20080029c5e3677,-111,1671089599.9784026
AC-1F-09-FF-FE-08-FD-E0,20080029c5e3677,-107,1671089607.4583623
AC-1F-09-FF-FE-08-FD-E0,20080029c5e3677,-111,1671089629.9484844
AC-1F-09-FF-FE-08-FD-E0,20080029c5e3677,-114,1671089637.4485493
AC-1F-09-FF-FE-08-FD-E0,20080029c5e3677,-114,1671089644.9787884
AC-1F-09-FF-FE-08-FD-E0,20080029c1ea300,-103,1671089645.0216298
AC-1F-09-FF-FE-08-FD-E0,20080029c45752f,-103,1671089674.9420552
AC-1F-09-FF-FE-08-FD-E0,20080029c5e3677,-115,1671089674.9965825
AC-1F-09-FF-FE-08-FD-E0,20080029c5e3677,-108,1671089689.948632
AC-1F-09-FF-FE-08-FD-E0,20080029c1ea300,-101,1671089690.0023654
AC-1F-09-FF-FE-08-FD-E0,20080029c5e3677,-112,1671089697.438554
AC-1F-09-FF-FE-08-FD-E0,20080029c45752f,-100,1671089697.462402
AC-1F-09-FF-FE-08-FD-E0,20080029c1ea300,-101,1671089697.491646
AC-1F-09-FF-FE-08-FD-E0,20080029c5e3677,-115,1671089704.9382606
AC-1F-09-FF-FE-08-FD-E0,20080029c1ea300,-82,1671089705.031354
AC-1F-09-FF-FE-08-FD-E0,20080029c45752f,-107,1671089712.4722703
AC-1F-09-FF-FE-08-FD-E0,20080029c5e3677,-111,1671089719.9488113
AC-1F-09-FF-FE-08-FD-E0,20080029c5e3677,-114,1671089727.468974
AC-1F-09-FF-FE-08-FD-E0,20080029c1ea300,-102,1671089727.522323
AC-1F-09-FF-FE-08-FD-E0,20080029c5e3677,-117,1671089734.9788039
AC-1F-09-FF-FE-08-FD-E0,20080029c1ea300,-103,1671089735.03268
AC-1F-09-FF-FE-08-FD-E0,20080029c5e3677,-111,1671089749.9484677
AC-1F-09-FF-FE-08-FD-E0,20080029c1ea300,-99,1671089750.0316732
AC-1F-09-FF-FE-08-FD-E0,20080029c5e3677,-114,1671089772.448231
AC-1F-09-FF-FE-08-FD-E0,20080029c5e3677,-115,1671089787.4286513
AC-1F-09-FF-FE-08-FD-E0,20080029c5e3677,-115,1671089794.9484992
AC-1F-09-FF-FE-08-FD-E0,20080029c1ea300,-103,1671089795.1716506
AC-1F-09-FF-FE-08-FD-E0,20080029c5e3677,-113,1671089824.958331
AC-1F-09-FF-FE-08-FD-E0,20080029c1ea300,-105,1671089825.0112362
AC-1F-09-FF-FE-08-FD-E0,20080029c5e3677,-111,1671089839.9486043
AC-1F-09-FF-FE-08-FD-E0,20080029c5e3677,-114,1671089847.4588308
AC-1F-09-FF-FE-08-FD-E0,20080029c1ea300,-91,1671089847.5117917
AC-1F-09-FF-FE-08-FD-E0,20080029c5e3677,-113,1671089854.9584832
AC-1F-09-FF-FE-08-FD-E0,20080029c45752f,-99,1671089862.5505857
AC-1F-09-FF-FE-08-FD-E0,20080029c5e3677,-115,1671089884.9587586
AC-1F-09-FF-FE-08-FD-E0,20080029c45752f,-106,1671089884.9673183
AC-1F-09-FF-FE-08-FD-E0,20080029c5e3677,-114,1671089892.4387963
AC-1F-09-FF-FE-08-FD-E0,20080029c5e3677,-117,1671089907.4485302
AC-1F-09-FF-FE-08-FD-E0,20080029c5e3677,-112,1671089914.938289
AC-1F-09-FF-FE-08-FD-E0,20080029c1ea300,-102,1671089915.0115666
AC-1F-09-FF-FE-08-FD-E0,20080029c5e3677,-109,1671089922.4684582
AC-1F-09-FF-FE-08-FD-E0,20080029c5e3677,-117,1671089937.4486306
AC-1F-09-FF-FE-08-FD-E0,20080029c1ea300,-105,1671089937.4616253
AC-1F-09-FF-FE-08-FD-E0,20080029c5e3677,-114,1671089944.9585228
AC-1F-09-FF-FE-08-FD-E0,20080029c5e3677,-112,1671089959.9524553
AC-1F-09-FF-FE-08-FD-E0,20080029c5e3677,-114,1671089974.9623065
AC-1F-09-FF-FE-08-FD-E0,20080029c5e3677,-114,1671089982.440429
AC-1F-09-FF-FE-08-FD-E0,20080029c5e3677,-111,1671089989.9406703
AC-1F-09-FF-FE-08-FD-E0,20080029c5e3677,-114,1671089997.4530394
AC-1F-09-FF-FE-08-FD-E0,20080029c5e3677,-115,1671090004.9407835
AC-1F-09-FF-FE-08-FD-E0,20080029c45752f,-101,1671090004.9652455
AC-1F-09-FF-FE-08-FD-E0,20080029c1ea300,-102,1671090005.0509927
AC-1F-09-FF-FE-08-FD-E0,20080029c5e3677,-109,1671090019.960667
AC-1F-09-FF-FE-08-FD-E0,20080029c1ea300,-103,1671090020.0210736
AC-1F-09-FF-FE-08-FD-E0,20080029c5e3677,-114,1671090027.4406753
AC-1F-09-FF-FE-08-FD-E0,20080029c1ea300,-100,1671090027.4517303
AC-1F-09-FF-FE-08-FD-E0,20080029c5e3677,-112,1671090034.9532697
AC-1F-09-FF-FE-08-FD-E0,20080029c1ea300,-106,1671090035.0616112
AC-1F-09-FF-FE-08-FD-E0,20080029c5e3677,-111,1671090049.9508429
AC-1F-09-FF-FE-08-FD-E0,20080029c5e3677,-117,1671090057.452789
AC-1F-09-FF-FE-08-FD-E0,20080029c5e3677,-113,1671090064.952693
AC-1F-09-FF-FE-08-FD-E0,20080029c5e3677,-115,1671090079.9303966
AC-1F-09-FF-FE-08-FD-E0,20080029c5e3677,-115,1671090087.4325452
AC-1F-09-FF-FE-08-FD-E0,20080029c1ea300,-102,1671090087.5218801
AC-1F-09-FF-FE-08-FD-E0,20080029c5e3677,-113,1671090094.9326925
AC-1F-09-FF-FE-08-FD-E0,20080029c1ea300,-105,1671090095.0117419
AC-1F-09-FF-FE-08-FD-E0,20080029c1ea300,-95,1671090139.941165
AC-1F-09-FF-FE-08-FD-E0,20080029c5e3677,-111,1671090139.944815
AC-1F-09-FF-FE-08-FD-E0,20080029c5e3677,-115,1671090154.964936
AC-1F-09-FF-FE-08-FD-E0,20080029c1ea300,-103,1671090155.051562
AC-1F-09-FF-FE-08-FD-E0,20080029c1ea300,-97,1671090177.5316072
AC-1F-09-FF-FE-08-FD-E0,20080029c5e3677,-115,1671090222.465301
AC-1F-09-FF-FE-08-FD-E0,20080029c5e3677,-114,1671090237.4444346
AC-1F-09-FF-FE-08-FD-E0,2001c497bd1fcc1,-111,1671090237.4697495
AC-1F-09-FF-FE-08-FD-E0,20080029c1ea300,-97,1671090237.5612419
AC-1F-09-FF-FE-08-FD-E0,20080029c45752f,-105,1671090282.4563932
AC-1F-09-FF-FE-08-FD-E0,20080029c5e3677,-111,1671090289.976755
AC-1F-09-FF-FE-08-FD-E0,20080029c1ea300,-106,1671090290.0216143
AC-1F-09-FF-FE-08-FD-E0,20080029c45752f,-105,1671090297.4604979
AC-1F-09-FF-FE-08-FD-E0,20080029c5e3677,-113,1671090297.464558
AC-1F-09-FF-FE-08-FD-E0,20080029c5e3677,-114,1671090304.957401
AC-1F-09-FF-FE-08-FD-E0,20080029c1ea300,-94,1671090305.0015807
AC-1F-09-FF-FE-08-FD-E0,20080029c45752f,-97,1671090312.4606497
AC-1F-09-FF-FE-08-FD-E0,20080029c5e3677,-113,1671090334.9462023
AC-1F-09-FF-FE-08-FD-E0,20080029c1ea300,-106,1671090335.0215259
AC-1F-09-FF-FE-08-FD-E0,20080029c5e3677,-114,1671090357.4449966
AC-1F-09-FF-FE-08-FD-E0,20080029c5e3677,-115,1671090364.9467752
AC-1F-09-FF-FE-08-FD-E0,20080029c5e3677,-111,1671090379.9570448
AC-1F-09-FF-FE-08-FD-E0,20080029c1ea300,-100,1671090380.011664
AC-1F-09-FF-FE-08-FD-E0,20080029c5e3677,-114,1671090387.4447606
AC-1F-09-FF-FE-08-FD-E0,20080029c1ea300,-101,1671090387.531233
AC-1F-09-FF-FE-08-FD-E0,20080029c5e3677,-111,1671090409.937184
AC-1F-09-FF-FE-08-FD-E0,20080029c45752f,-103,1671090409.9708228
AC-1F-09-FF-FE-08-FD-E0,20080029c1ea300,-102,1671090410.0223985
AC-1F-09-FF-FE-08-FD-E0,20080029c1ea300,-107,1671090417.4616654
AC-1F-09-FF-FE-08-FD-E0,20080029c5e3677,-114,1671090417.4626777
AC-1F-09-FF-FE-08-FD-E0,20080029c1ea300,-101,1671090424.9423785
AC-1F-09-FF-FE-08-FD-E0,20080029c5e3677,-115,1671090424.9667478
AC-1F-09-FF-FE-08-FD-E0,20080029c5e3677,-113,1671090432.4450998
AC-1F-09-FF-FE-08-FD-E0,20080029c5e3677,-115,1671090454.9449975
AC-1F-09-FF-FE-08-FD-E0,20080029c5e3677,-115,1671090462.4450092
AC-1F-09-FF-FE-08-FD-E0,20080029c1ea300,-106,1671090469.9622152
AC-1F-09-FF-FE-08-FD-E0,20080029c5e3677,-111,1671090469.9773214
AC-1F-09-FF-FE-08-FD-E0,20080029c1ea300,-106,1671090477.4619966
AC-1F-09-FF-FE-08-FD-E0,20080029c5e3677,-114,1671090477.4647145
AC-1F-09-FF-FE-08-FD-E0,20080029c5e3677,-115,1671090484.9650247
AC-1F-09-FF-FE-08-FD-E0,20080029c45752f,-101,1671090492.5421088
AC-1F-09-FF-FE-08-FD-E0,20080029c5e3677,-113,1671090507.458206
AC-1F-09-FF-FE-08-FD-E0,20080029c1ea300,-103,1671090507.5220263
AC-1F-09-FF-FE-08-FD-E0,20080029c5e3677,-117,1671090514.973908
AC-1F-09-FF-FE-08-FD-E0,20080029c1ea300,-99,1671090515.012413
AC-1F-09-FF-FE-08-FD-E0,20080029c45752f,-103,1671090522.4597564
AC-1F-09-FF-FE-08-FD-E0,20080029c5e3677,-109,1671090529.9378316
AC-1F-09-FF-FE-08-FD-E0,20080029c5e3677,-114,1671090537.437913
AC-1F-09-FF-FE-08-FD-E0,20080029c5e3677,-115,1671090544.9457748
AC-1F-09-FF-FE-08-FD-E0,20080029c5e3677,-111,1671090559.958214
AC-1F-09-FF-FE-08-FD-E0,20080029c45752f,-101,1671090567.4555562
AC-1F-09-FF-FE-08-FD-E0,20080029c1ea300,-106,1671090567.5118394
AC-1F-09-FF-FE-08-FD-E0,20080029c5e3677,-113,1671090567.5187547
AC-1F-09-FF-FE-08-FD-E0,20080029c5e3677,-115,1671090574.9579465
AC-1F-09-FF-FE-08-FD-E0,20080029c5e3677,-114,1671090582.4657729
AC-1F-09-FF-FE-08-FD-E0,20080029c5e3677,-111,1671090589.9440613
AC-1F-09-FF-FE-08-FD-E0,20080029c1ea300,-107,1671090597.4425323
AC-1F-09-FF-FE-08-FD-E0,20080029c5e3677,-114,1671090597.458117
AC-1F-09-FF-FE-08-FD-E0,20080029c5e3677,-115,1671090604.9657855
AC-1F-09-FF-FE-08-FD-E0,20080029c45752f,-103,1671090612.4350622
AC-1F-09-FF-FE-08-FD-E0,20080029c5e3677,-111,1671090619.9463444
AC-1F-09-FF-FE-08-FD-E0,20080029c1ea300,-106,1671090619.96188
AC-1F-09-FF-FE-08-FD-E0,20080029c5e3677,-113,1671090627.4580529
AC-1F-09-FF-FE-08-FD-E0,20080029c1ea300,-103,1671090627.522146
AC-1F-09-FF-FE-08-FD-E0,20080029c5e3677,-115,1671090634.9541879
AC-1F-09-FF-FE-08-FD-E0,20080029c5e3677,-111,1671090649.9443967
AC-1F-09-FF-FE-08-FD-E0,20080029c1ea300,-107,1671090650.021579
AC-1F-09-FF-FE-08-FD-E0,20080029c5e3677,-114,1671090657.4608421
AC-1F-09-FF-FE-08-FD-E0,20080029c1ea300,-107,1671090657.5121133
AC-1F-09-FF-FE-08-FD-E0,20080029c5e3677,-115,1671090664.9386141
AC-1F-09-FF-FE-08-FD-E0,20080029c5e3677,-111,1671090679.9581106
AC-1F-09-FF-FE-08-FD-E0,20080029c1ea300,-103,1671090717.502026
AC-1F-09-FF-FE-08-FD-E0,20080029c5e3677,-114,1671090724.9384224
AC-1F-09-FF-FE-08-FD-E0,20080029c1ea300,-105,1671090725.092085
AC-1F-09-FF-FE-08-FD-E0,20080029c45752f,-105,1671090732.4555533
AC-1F-09-FF-FE-08-FD-E0,20080029c5e3677,-111,1671090739.9660764
AC-1F-09-FF-FE-08-FD-E0,20080029c1ea300,-99,1671090747.5021849
AC-1F-09-FF-FE-08-FD-E0,20080029c5e3677,-117,1671090754.9582841
AC-1F-09-FF-FE-08-FD-E0,20080029c45752f,-101,1671090762.530663
AC-1F-09-FF-FE-08-FD-E0,20080029c5e3677,-114,1671090777.4381917
AC-1F-09-FF-FE-08-FD-E0,20080029c5e3677,-115,1671090784.9391406
AC-1F-09-FF-FE-08-FD-E0,20080029c1ea300,-88,1671090785.0124571
AC-1F-09-FF-FE-08-FD-E0,20080029c5e3677,-115,1671090792.4581106
AC-1F-09-FF-FE-08-FD-E0,20080029c1ea300,-94,1671090792.4619632
AC-1F-09-FF-FE-08-FD-E0,20080029c5e3677,-109,1671090799.9659376
AC-1F-09-FF-FE-08-FD-E0,20080029c5e3677,-112,1671090807.4581378
AC-1F-09-FF-FE-08-FD-E0,20080029c5e3677,-115,1671090814.9583786
AC-1F-09-FF-FE-08-FD-E0,20080029c1ea300,-105,1671090815.0424862
AC-1F-09-FF-FE-08-FD-E0,20080029c45752f,-103,1671090822.4543006
AC-1F-09-FF-FE-08-FD-E0,20080029c5e3677,-117,1671090822.502363
AC-1F-09-FF-FE-08-FD-E0,20080029c5e3677,-111,1671090829.9379454
AC-1F-09-FF-FE-08-FD-E0,20080029c1ea300,-105,1671090830.0228631
AC-1F-09-FF-FE-08-FD-E0,20080029c5e3677,-115,1671090844.9383857
AC-1F-09-FF-FE-08-FD-E0,20080029c1ea300,-105,1671090844.9617164
AC-1F-09-FF-FE-08-FD-E0,20080029c5e3677,-115,1671090852.4581776
AC-1F-09-FF-FE-08-FD-E0,20080029c5e3677,-114,1671090897.4379885
AC-1F-09-FF-FE-08-FD-E0,20080029c1ea300,-105,1671090897.5120075
AC-1F-09-FF-FE-08-FD-E0,20080029c5e3677,-114,1671090904.9381752
AC-1F-09-FF-FE-08-FD-E0,20080029c5e3677,-112,1671090912.438198
AC-1F-09-FF-FE-08-FD-E0,20080029c5e3677,-111,1671090919.9378757
AC-1F-09-FF-FE-08-FD-E0,20080029c5e3677,-113,1671090927.502958
AC-1F-09-FF-FE-08-FD-E0,20080029c5e3677,-114,1671090934.938598
AC-1F-09-FF-FE-08-FD-E0,20080029c1ea300,-99,1671090935.024399
AC-1F-09-FF-FE-08-FD-E0,20080029c5e3677,-111,1671090949.9579341
AC-1F-09-FF-FE-08-FD-E0,20080029c1ea300,-106,1671090950.012332
AC-1F-09-FF-FE-08-FD-E0,20080029c5e3677,-115,1671090972.4585943
AC-1F-09-FF-FE-08-FD-E0,20080029c45752f,-102,1671090972.5435038
AC-1F-09-FF-FE-08-FD-E0,20080029c5e3677,-114,1671090987.4382138
AC-1F-09-FF-FE-08-FD-E0,20080029c45752f,-102,1671090987.443627
AC-1F-09-FF-FE-08-FD-E0,20080029c5e3677,-115,1671090994.9661064
AC-1F-09-FF-FE-08-FD-E0,20080029c1ea300,-106,1671090995.0326366
AC-1F-09-FF-FE-08-FD-E0,20080029c5e3677,-115,1671091002.4663339
AC-1F-09-FF-FE-08-FD-E0,20080029c1ea300,-94,1671091010.0214806
AC-1F-09-FF-FE-08-FD-E0,20080029c5e3677,-108,1671091017.4884672
AC-1F-09-FF-FE-08-FD-E0,20080029c5e3677,-114,1671091024.9462454
AC-1F-09-FF-FE-08-FD-E0,20080029c1ea300,-81,1671091024.9821303
AC-1F-09-FF-FE-08-FD-E0,20080029c45752f,-94,1671091032.4440384
AC-1F-09-FF-FE-08-FD-E0,20080029c5e3677,-115,1671091032.458607
AC-1F-09-FF-FE-08-FD-E0,20080029c5e3677,-114,1671091054.9343638
AC-1F-09-FF-FE-08-FD-E0,20080029c45752f,-101,1671091054.9443624
AC-1F-09-FF-FE-08-FD-E0,20080029c45752f,-99,1671091062.4640412
AC-1F-09-FF-FE-08-FD-E0,20080029c1ea300,-98,1671091069.992349
AC-1F-09-FF-FE-08-FD-E0,20080029c5e3677,-112,1671091077.4382942
AC-1F-09-FF-FE-08-FD-E0,20080029c1ea300,-107,1671091077.5117772
AC-1F-09-FF-FE-08-FD-E0,20080029c5e3677,-117,1671091084.938149
AC-1F-09-FF-FE-08-FD-E0,20080029c45752f,-105,1671091084.952205
AC-1F-09-FF-FE-08-FD-E0,20080029c5e3677,-112,1671091092.447441
AC-1F-09-FF-FE-08-FD-E0,20080029c5e3677,-113,1671091107.458467
AC-1F-09-FF-FE-08-FD-E0,20080029c1ea300,-105,1671091107.50183
AC-1F-09-FF-FE-08-FD-E0,20080029c5e3677,-114,1671091114.9584363
AC-1F-09-FF-FE-08-FD-E0,20080029c1ea300,-95,1671091115.0125377
AC-1F-09-FF-FE-08-FD-E0,20080029c45752f,-102,1671091122.4533377
AC-1F-09-FF-FE-08-FD-E0,20080029c5e3677,-112,1671091144.9382496
AC-1F-09-FF-FE-08-FD-E0,20080029c1ea300,-106,1671091145.0218987
AC-1F-09-FF-FE-08-FD-E0,20080029c5e3677,-111,1671091167.4598324
AC-1F-09-FF-FE-08-FD-E0,20080029c1ea300,-105,1671091167.522454
AC-1F-09-FF-FE-08-FD-E0,20080029c1ea300,-97,1671091175.0219522
AC-1F-09-FF-FE-08-FD-E0,20080029c45752f,-97,1671091182.4676535
AC-1F-09-FF-FE-08-FD-E0,20080029c5e3677,-108,1671091189.9446251
AC-1F-09-FF-FE-08-FD-E0,20080029c5e3677,-113,1671091197.4642234
AC-1F-09-FF-FE-08-FD-E0,20080029c45752f,-100,1671091212.4676695
AC-1F-09-FF-FE-08-FD-E0,20080029c5e3677,-111,1671091219.9383757
AC-1F-09-FF-FE-08-FD-E0,20080029c5e3677,-112,1671091227.4402966
AC-1F-09-FF-FE-08-FD-E0,20080029c5e3677,-114,1671091234.9403136
AC-1F-09-FF-FE-08-FD-E0,20080029c45752f,-97,1671091234.977127
AC-1F-09-FF-FE-08-FD-E0,20080029c5e3677,-113,1671091317.4385443
AC-1F-09-FF-FE-08-FD-E0,20080029c45752f,-105,1671091317.463251
AC-1F-09-FF-FE-08-FD-E0,20080029c1ea300,-105,1671091317.5339515
AC-1F-09-FF-FE-08-FD-E0,20080029c1ea300,-105,1671091324.9930594
AC-1F-09-FF-FE-08-FD-E0,20080029c5e3677,-108,1671091340.007284
AC-1F-09-FF-FE-08-FD-E0,20080029c1ea300,-106,1671091355.0124595
AC-1F-09-FF-FE-08-FD-E0,20080029c5e3677,-113,1671091377.4505205
AC-1F-09-FF-FE-08-FD-E0,20080029c5e3677,-114,1671091384.9508655
AC-1F-09-FF-FE-08-FD-E0,20080029c45752f,-102,1671091385.0247095
AC-1F-09-FF-FE-08-FD-E0,20080029c5e3677,-113,1671091407.459921
AC-1F-09-FF-FE-08-FD-E0,20080029c1ea300,-103,1671091407.5127578
AC-1F-09-FF-FE-08-FD-E0,20080029c5e3677,-113,1671091414.9587014
AC-1F-09-FF-FE-08-FD-E0,20080029c1ea300,-100,1671091414.9926207
AC-1F-09-FF-FE-08-FD-E0,20080029c5e3677,-115,1671091422.4711092
AC-1F-09-FF-FE-08-FD-E0,20080029c5e3677,-114,1671091437.451446
AC-1F-09-FF-FE-08-FD-E0,20080029c1ea300,-99,1671091437.5229325
AC-1F-09-FF-FE-08-FD-E0,20080029c45752f,-103,1671091444.9509673
AC-1F-09-FF-FE-08-FD-E0,20080029c1ea300,-105,1671091445.0326703
AC-1F-09-FF-FE-08-FD-E0,20080029c5e3677,-113,1671091452.4507823
AC-1F-09-FF-FE-08-FD-E0,20080029c5e3677,-114,1671091497.4323924
AC-1F-09-FF-FE-08-FD-E0,20080029c5e3677,-113,1671091504.9301476
AC-1F-09-FF-FE-08-FD-E0,20080029c1ea300,-81,1671091504.9370227
AC-1F-09-FF-FE-08-FD-E0,20080029c45752f,-100,1671091512.4842377
AC-1F-09-FF-FE-08-FD-E0,20080029c5e3677,-114,1671091527.4502733
AC-1F-09-FF-FE-08-FD-E0,20080029c1ea300,-101,1671091527.450503
AC-1F-09-FF-FE-08-FD-E0,20080029c5e3677,-115,1671091534.9462674
AC-1F-09-FF-FE-08-FD-E0,20080029c5e3677,-114,1671091542.4505062
AC-1F-09-FF-FE-08-FD-E0,20080029c5e3677,-114,1671091557.4301636
AC-1F-09-FF-FE-08-FD-E0,20080029c45752f,-97,1671091557.4657364
AC-1F-09-FF-FE-08-FD-E0,20080029c1ea300,-99,1671091564.98601
AC-1F-09-FF-FE-08-FD-E0,20080029c5e3677,-112,1671091572.449937
AC-1F-09-FF-FE-08-FD-E0,20080029c1ea300,-99,1671091594.955887
AC-1F-09-FF-FE-08-FD-E0,20080029c5e3677,-106,1671091602.431991
AC-1F-09-FF-FE-08-FD-E0,20080029c5e3677,-114,1671091632.4297907
AC-1F-09-FF-FE-08-FD-E0,20080029c5e3677,-114,1671091654.930037
AC-1F-09-FF-FE-08-FD-E0,20080029c1ea300,-103,1671091654.9357755
AC-1F-09-FF-FE-08-FD-E0,20080029c5e3677,-117,1671091662.4295647
AC-1F-09-FF-FE-08-FD-E0,20080029c45752f,-105,1671091662.45274
AC-1F-09-FF-FE-08-FD-E0,20080029c5e3677,-113,1671091669.9494693
AC-1F-09-FF-FE-08-FD-E0,20080029c1ea300,-106,1671091670.0162838
AC-1F-09-FF-FE-08-FD-E0,20080029c1ea300,-105,1671091684.9459443
AC-1F-09-FF-FE-08-FD-E0,20080029c45752f,-103,1671091684.9528608
AC-1F-09-FF-FE-08-FD-E0,20080029c45752f,-100,1671091692.4323108
AC-1F-09-FF-FE-08-FD-E0,20080029c1ea300,-105,1671091699.93641
AC-1F-09-FF-FE-08-FD-E0,20080029c5e3677,-114,1671091707.451901
AC-1F-09-FF-FE-08-FD-E0,20080029c45752f,-107,1671091707.4624734
AC-1F-09-FF-FE-08-FD-E0,20080029c5e3677,-113,1671091714.951849
AC-1F-09-FF-FE-08-FD-E0,20080029c5e3677,-114,1671091722.4592435
AC-1F-09-FF-FE-08-FD-E0,20080029c5e3677,-114,1671091729.9516816
AC-1F-09-FF-FE-08-FD-E0,20080029c1ea300,-99,1671091744.9556396
AC-1F-09-FF-FE-08-FD-E0,20080029c5e3677,-114,1671091752.45037
AC-1F-09-FF-FE-08-FD-E0,20080029c1ea300,-100,1671091752.5058796
AC-1F-09-FF-FE-08-FD-E0,20080029c5e3677,-111,1671091759.950301
AC-1F-09-FF-FE-08-FD-E0,20080029c1ea300,-111,1671091759.9554963
AC-1F-09-FF-FE-08-FD-E0,20080029c5e3677,-111,1671091767.452297
AC-1F-09-FF-FE-08-FD-E0,20080029c45752f,-107,1671091767.470253
AC-1F-09-FF-FE-08-FD-E0,20080029c5e3677,-111,1671091774.9406393
AC-1F-09-FF-FE-08-FD-E0,20080029c1ea300,-102,1671091789.9451838
AC-1F-09-FF-FE-08-FD-E0,20080029c1ea300,-102,1671091804.9451828
AC-1F-09-FF-FE-08-FD-E0,20080029c45752f,-102,1671091804.9619238
AC-1F-09-FF-FE-08-FD-E0,20080029c45752f,-95,1671091812.4622056
AC-1F-09-FF-FE-08-FD-E0,20080029c1ea300,-109,1671091819.9451473
AC-1F-09-FF-FE-08-FD-E0,20080029c1ea300,-100,1671091857.4552295
AC-1F-09-FF-FE-08-FD-E0,20080029c1ea300,-100,1671091865.034284
AC-1F-09-FF-FE-08-FD-E0,20080029c5e3677,-111,1671091879.958213
AC-1F-09-FF-FE-08-FD-E0,20080029c5e3677,-115,1671091894.9361837
AC-1F-09-FF-FE-08-FD-E0,20080029c1ea300,-103,1671091894.955171
AC-1F-09-FF-FE-08-FD-E0,20080029c1ea300,-85,1671091902.5046139
AC-1F-09-FF-FE-08-FD-E0,20080029c1ea300,-103,1671091924.934506
AC-1F-09-FF-FE-08-FD-E0,20080029c5e3677,-112,1671091932.4319427
AC-1F-09-FF-FE-08-FD-E0,20080029c5e3677,-114,1671091947.446094
AC-1F-09-FF-FE-08-FD-E0,20080029c1ea300,-103,1671091947.4549885
AC-1F-09-FF-FE-08-FD-E0,20080029c1ea300,-105,1671091954.9346735
AC-1F-09-FF-FE-08-FD-E0,20080029c5e3677,-109,1671091969.9240558
AC-1F-09-FF-FE-08-FD-E0,20080029c5e3677,-111,1671091999.9296691
AC-1F-09-FF-FE-08-FD-E0,20080029c1ea300,-106,1671091999.9446626
AC-1F-09-FF-FE-08-FD-E0,20080029c5e3677,-108,1671092007.452129
AC-1F-09-FF-FE-08-FD-E0,20080029c5e3677,-115,1671092015.012255
AC-1F-09-FF-FE-08-FD-E0,20080029c1ea300,-101,1671092022.441281
AC-1F-09-FF-FE-08-FD-E0,20080029c5e3677,-115,1671092022.4517093
AC-1F-09-FF-FE-08-FD-E0,20080029c45752f,-97,1671092022.4727764
AC-1F-09-FF-FE-08-FD-E0,20080029c5e3677,-115,1671092037.434027
AC-1F-09-FF-FE-08-FD-E0,20080029c45752f,-103,1671092037.4427466
AC-1F-09-FF-FE-08-FD-E0,20080029c1ea300,-103,1671092037.445141
AC-1F-09-FF-FE-08-FD-E0,20080029c5e3677,-111,1671092059.9476445
AC-1F-09-FF-FE-08-FD-E0,20080029c1ea300,-91,1671092060.0153913
AC-1F-09-FF-FE-08-FD-E0,20080029c45752f,-99,1671092082.44656
AC-1F-09-FF-FE-08-FD-E0,20080029c5e3677,-109,1671092097.4676912
AC-1F-09-FF-FE-08-FD-E0,20080029c5e3677,-106,1671092112.6501591
AC-1F-09-FF-FE-08-FD-E0,20080029c5e3677,-113,1671092127.4643066
AC-1F-09-FF-FE-08-FD-E0,20080029c1ea300,-101,1671092127.5151076
AC-1F-09-FF-FE-08-FD-E0,20080029c1ea300,-101,1671092134.9555178
AC-1F-09-FF-FE-08-FD-E0,20080029c45752f,-103,1671092135.0130703
AC-1F-09-FF-FE-08-FD-E0,20080029c1ea300,-101,1671092157.435636
AC-1F-09-FF-FE-08-FD-E0,20080029c5e3677,-112,1671092157.449681
AC-1F-09-FF-FE-08-FD-E0,20080029c45752f,-99,1671092157.4626505
AC-1F-09-FF-FE-08-FD-E0,20080029c5e3677,-111,1671092179.9296312
AC-1F-09-FF-FE-08-FD-E0,20080029c1ea300,-101,1671092179.9453328
AC-1F-09-FF-FE-08-FD-E0,20080029c1ea300,-107,1671092187.455747
AC-1F-09-FF-FE-08-FD-E0,20080029c5e3677,-114,1671092187.459431
AC-1F-09-FF-FE-08-FD-E0,20080029c5e3677,-114,1671092194.959897
AC-1F-09-FF-FE-08-FD-E0,20080029c1ea300,-103,1671092195.016225
AC-1F-09-FF-FE-08-FD-E0,20080029c5e3677,-115,1671092202.4501383
AC-1F-09-FF-FE-08-FD-E0,20080029c45752f,-100,1671092209.9457703
AC-1F-09-FF-FE-08-FD-E0,20080029c5e3677,-109,1671092209.959601
AC-1F-09-FF-FE-08-FD-E0,20080029c1ea300,-107,1671092210.0256426
AC-1F-09-FF-FE-08-FD-E0,20080029c5e3677,-114,1671092217.4294088
AC-1F-09-FF-FE-08-FD-E0,20080029c1ea300,-97,1671092217.4450932
AC-1F-09-FF-FE-08-FD-F1,20080029c5e3677,-102,1671093942.646945
AC-1F-09-FF-FE-08-FD-F1,20080029c1ea300,-101,1671093942.738699
AC-1F-09-FF-FE-08-FD-E9,20080029c5e3677,-90,1671093942.6551733
AC-1F-09-FF-FE-08-FD-F1,20080029c5e3677,-109,1671094072.1793025
AC-1F-09-FF-FE-08-FD-E9,20080029c5e3677,-111,1671094072.1891072
AC-1F-09-FF-FE-08-FD-E9,20080029c1ea300,-79,1671094072.2584918
AC-1F-09-FF-FE-08-FD-F1,20080029c5e3677,-108,1671094094.0203848
AC-1F-09-FF-FE-08-FD-E0,20080029c5e3677,-114,1671094101.019961
AC-1F-09-FF-FE-08-FD-F1,20080029c5e3677,-111,1671094109.030029
AC-1F-09-FF-FE-08-FD-F1,20080029c5e3677,-108,1671094116.518958
AC-1F-09-FF-FE-08-FD-F1,20080029c5e3677,-111,1671094131.51893
AC-1F-09-FF-FE-08-FD-E0,20080029c5e3677,-106,1671094137.8791869
AC-1F-09-FF-FE-08-FD-E0,20080029c5e3677,-109,1671094145.3789215
AC-1F-09-FF-FE-08-FD-E0,20080029c5e3677,-112,1671094152.8889377
AC-1F-09-FF-FE-08-FD-F1,20080029c1ea300,-105,1671094154.0984926
AC-1F-09-FF-FE-08-FD-E0,20080029c5e3677,-111,1671094160.3932312
AC-1F-09-FF-FE-08-FD-E0,20080029c5e3677,-114,1671094167.8788164
AC-1F-09-FF-FE-08-FD-F1,20080029c5e3677,-101,1671094176.4989476
AC-1F-09-FF-FE-08-FD-F1,20080029c1ea300,-101,1671094176.578186
AC-1F-09-FF-FE-08-FD-E0,20080029c5e3677,-114,1671094182.8888714
AC-1F-09-FF-FE-08-FD-E0,20080029c5e3677,-115,1671094190.3792543
AC-1F-09-FF-FE-08-FD-F1,20080029c1ea300,-103,1671094191.5681338
AC-1F-09-FF-FE-08-FD-E0,20080029c5e3677,-113,1671094197.879589
AC-1F-09-FF-FE-08-FD-F1,20080029c5e3677,-102,1671094206.509067
AC-1F-09-FF-FE-08-FD-E0,20080029c5e3677,-112,1671094212.8887856
AC-1F-09-FF-FE-08-FD-E0,20080029c5e3677,-112,1671094220.3579614
AC-1F-09-FF-FE-08-FD-F1,20080029c1ea300,-101,1671094221.5781634
AC-1F-09-FF-FE-08-FD-E0,20080029c5e3677,-110,1671094227.9376817
AC-1F-09-FF-FE-08-FD-F1,20080029c1ea300,-102,1671094229.0680296
AC-1F-09-FF-FE-08-FD-E0,20080029c5e3677,-109,1671094235.398053
AC-1F-09-FF-FE-08-FD-E0,20080029c5e3677,-113,1671094242.8607523
AC-1F-09-FF-FE-08-FD-E0,20080029c5e3677,-111,1671094250.3599582
AC-1F-09-FF-FE-08-FD-E0,20080029c5e3677,-108,1671094257.9293993
AC-1F-09-FF-FE-08-FD-E0,20080029c5e3677,-108,1671094265.3787673
AC-1F-09-FF-FE-08-FD-E0,20080029c5e3677,-108,1671094272.8893514
AC-1F-09-FF-FE-08-FD-E0,20080029c5e3677,-112,1671094280.3821564
AC-1F-09-FF-FE-08-FD-E0,20080029c5e3677,-100,1671094287.8799057
AC-1F-09-FF-FE-08-FD-E0,20080029c5e3677,-109,1671094295.390191
AC-1F-09-FF-FE-08-FD-F1,20080029c5e3677,-108,1671094303.9990256
AC-1F-09-FF-FE-08-FD-F1,20080029c5e3677,-111,1671094311.4990065
AC-1F-09-FF-FE-08-FD-F1,20080029c5e3677,-111,1671094318.990298
AC-1F-09-FF-FE-08-FD-F1,20080029c5e3677,-115,1671094326.522262
AC-1F-09-FF-FE-08-FD-F1,20080029c5e3677,-113,1671094341.499128
AC-1F-09-FF-FE-08-FD-F1,20080029c5e3677,-113,1671094371.4791298
AC-1F-09-FF-FE-08-FD-F1,20080029c5e3677,-113,1671094386.478953
AC-1F-09-FF-FE-08-FD-E0,20080029c5e3677,-115,1671094430.3791926
AC-1F-09-FF-FE-08-FD-E0,20080029c5e3677,-112,1671094437.9070249
AC-1F-09-FF-FE-08-FD-E0,20080029c5e3677,-113,1671094453.079448
AC-1F-09-FF-FE-08-FD-F1,20080029c1ea300,-103,1671094506.478829
AC-1F-09-FF-FE-08-FD-F1,20080029c1ea300,-105,1671094543.968564
AC-1F-09-FF-FE-08-FD-F1,20080029c5e3677,-111,1671094551.4548986
AC-1F-09-FF-FE-08-FD-F1,20080029c5e3677,-114,1671094566.4756846
AC-1F-09-FF-FE-08-FD-F1,20080029c5e3677,-111,1671094573.9840658
AC-1F-09-FF-FE-08-FD-E0,20080029c5e3677,-113,1671094580.3837693
AC-1F-09-FF-FE-08-FD-E0,20080029c5e3677,-113,1671094587.8760455
AC-1F-09-FF-FE-08-FD-F1,20080029c5e3677,-112,1671094596.4643726
AC-1F-09-FF-FE-08-FD-F1,20080029c1ea300,-100,1671094603.9593365
AC-1F-09-FF-FE-08-FD-F1,20080029c1ea300,-98,1671094618.998728
AC-1F-09-FF-FE-08-FD-F1,20080029c1ea300,-101,1671094626.458943
AC-1F-09-FF-FE-08-FD-F1,20080029c5e3677,-108,1671094633.9556084
AC-1F-09-FF-FE-08-FD-F1,20080029c1ea300,-103,1671094641.448768
AC-1F-09-FF-FE-08-FD-F1,20080029c5e3677,-111,1671094656.4340227
AC-1F-09-FF-FE-08-FD-E0,20080029c5e3677,-114,1671094662.9041557
AC-1F-09-FF-FE-08-FD-E0,20080029c5e3677,-113,1671094685.3750887
AC-1F-09-FF-FE-08-FD-F1,20080029c5e3677,-114,1671094717.6325366
AC-1F-09-FF-FE-08-FD-F1,20080029c5e3677,-113,1671094858.982697
AC-1F-09-FF-FE-08-FD-F1,20080029c1ea300,-99,1671094911.4089947
AC-1F-09-FF-FE-08-FD-F1,20080029c1ea300,-97,1671094918.9082005
AC-1F-09-FF-FE-08-FD-F1,20080029c5e3677,-114,1671094933.9161339
AC-1F-09-FF-FE-08-FD-F1,20080029c5e3677,-114,1671094941.3963523
AC-1F-09-FF-FE-08-FD-F1,20080029c1ea300,-99,1671094948.918555
AC-1F-09-FF-FE-08-FD-F1,20080029c1ea300,-101,1671094956.458332
AC-1F-09-FF-FE-08-FD-F1,20080029c1ea300,-96,1671094963.918327
AC-1F-09-FF-FE-08-FD-F1,20080029c1ea300,-96,1671094971.428329
AC-1F-09-FF-FE-08-FD-F1,20080029c5e3677,-113,1671094986.394782
AC-1F-09-FF-FE-08-FD-F1,20080029c1ea300,-97,1671094986.3982112
AC-1F-09-FF-FE-08-FD-F1,20080029c1ea300,-102,1671094993.9886076
AC-1F-09-FF-FE-08-FD-F1,20080029c5e3677,-117,1671095008.9151707
AC-1F-09-FF-FE-08-FD-F1,20080029c1ea300,-99,1671095023.8985178
AC-1F-09-FF-FE-08-FD-F1,20080029c5e3677,-112,1671095023.9151056
AC-1F-09-FF-FE-08-FD-F1,20080029c1ea300,-102,1671095031.4584525
AC-1F-09-FF-FE-08-FD-E0,2005813d31be7ec,-114,1671095068.007051
AC-1F-09-FF-FE-08-FD-E0,2005813d31be7ec,-113,1671095083.0767856
AC-1F-09-FF-FE-08-FD-F1,20080029c1ea300,-89,1671095091.398738
AC-1F-09-FF-FE-08-FD-F1,20080029c1ea300,-97,1671095098.9485142
AC-1F-09-FF-FE-08-FD-F1,20080029c1ea300,-96,1671095113.8880823
AC-1F-09-FF-FE-08-FD-F1,20080029c1ea300,-96,1671095121.44839
AC-1F-09-FF-FE-08-FD-F1,20080029c1ea300,-84,1671095128.8779511
AC-1F-09-FF-FE-08-FD-F1,20080029c1ea300,-94,1671095136.3989587
AC-1F-09-FF-FE-08-FD-F1,20080029c1ea300,-95,1671095143.8884773
AC-1F-09-FF-FE-08-FD-F1,20080029c1ea300,-103,1671095166.4891539
AC-1F-09-FF-FE-08-FD-F1,20080029c1ea300,-93,1671095173.8981254
AC-1F-09-FF-FE-08-FD-F1,20080029c1ea300,-103,1671095211.377971
AC-1F-09-FF-FE-08-FD-F1,20080029c1ea300,-94,1671095218.979002
AC-1F-09-FF-FE-08-FD-F1,20080029c1ea300,-79,1671095226.378681
AC-1F-09-FF-FE-08-FD-F1,20080029c1ea300,-98,1671095241.3785768
AC-1F-09-FF-FE-08-FD-F1,20080029c1ea300,-99,1671095256.389962
AC-1F-09-FF-FE-08-FD-F1,20080029c1ea300,-93,1671095271.4188013
AC-1F-09-FF-FE-08-FD-F1,20080029c1ea300,-87,1671095278.8686938
AC-1F-09-FF-FE-08-FD-F1,20080029c1ea300,-105,1671095301.3692486
AC-1F-09-FF-FE-08-FD-F1,20080029c1ea300,-97,1671095331.3685172
AC-1F-09-FF-FE-08-FD-F1,20080029c1ea300,-81,1671095346.3598142
AC-1F-09-FF-FE-08-FD-F1,20080029c1ea300,-98,1671095353.858935
AC-1F-09-FF-FE-08-FD-F1,20080029c1ea300,-101,1671095361.3584576
AC-1F-09-FF-FE-08-FD-F1,20080029c1ea300,-95,1671095368.8487422
AC-1F-09-FF-FE-08-FD-F1,20080029c5e3677,-114,1671095368.8910165
AC-1F-09-FF-FE-08-FD-F1,20080029c1ea300,-96,1671095376.3599195
AC-1F-09-FF-FE-08-FD-F1,20080029c1ea300,-91,1671095383.8693624
AC-1F-09-FF-FE-08-FD-F1,20080029c1ea300,-94,1671095391.3486161
AC-1F-09-FF-FE-08-FD-F1,20080029c1ea300,-96,1671095406.3688102
AC-1F-09-FF-FE-08-FD-F1,20080029c1ea300,-84,1671095413.8588212
AC-1F-09-FF-FE-08-FD-F1,20080029c1ea300,-94,1671095421.3485258
AC-1F-09-FF-FE-08-FD-F1,20080029c1ea300,-90,1671095428.8585749
AC-1F-09-FF-FE-08-FD-F1,20080029c5e3677,-113,1671095428.863769
AC-1F-09-FF-FE-08-FD-F1,20080029c1ea300,-90,1671095436.3585296
AC-1F-09-FF-FE-08-FD-F1,20080029c1ea300,-107,1671095451.3388615
AC-1F-09-FF-FE-08-FD-F1,20080029c1ea300,-97,1671095458.8489528
AC-1F-09-FF-FE-08-FD-F1,20080029c1ea300,-100,1671095473.858861
AC-1F-09-FF-FE-08-FD-F1,20080029c1ea300,-97,1671095481.3389544
AC-1F-09-FF-FE-08-FD-F1,20080029c1ea300,-88,1671095503.8292463
AC-1F-09-FF-FE-08-FD-F1,20080029c1ea300,-91,1671095518.8385909
AC-1F-09-FF-FE-08-FD-F1,20080029c1ea300,-95,1671095526.3485262
AC-1F-09-FF-FE-08-FD-F1,20080029c1ea300,-97,1671095556.331688
AC-1F-09-FF-FE-08-FD-F1,20080029c1ea300,-96,1671095563.828761
AC-1F-09-FF-FE-08-FD-F1,20080029c1ea300,-101,1671095586.3389199
AC-1F-09-FF-FE-08-FD-F1,20080029c5e3677,-117,1671095593.851345
AC-1F-09-FF-FE-08-FD-F1,20080029c1ea300,-97,1671095601.3293707
AC-1F-09-FF-FE-08-FD-F1,20080029c5e3677,-112,1671095616.3188844
AC-1F-09-FF-FE-08-FD-F1,20080029c1ea300,-101,1671095616.3287737
AC-1F-09-FF-FE-08-FD-F1,20080029c1ea300,-101,1671095631.3285396
AC-1F-09-FF-FE-08-FD-F1,20080029c1ea300,-95,1671095698.8193717
AC-1F-09-FF-FE-08-FD-F1,20080029c1ea300,-98,1671095728.8091438
AC-1F-09-FF-FE-08-FD-F1,20080029c1ea300,-95,1671095743.808678
AC-1F-09-FF-FE-08-FD-F1,20080029c1ea300,-107,1671095781.3686292
AC-1F-09-FF-FE-08-FD-F1,20080029c1ea300,-98,1671095803.7987952
AC-1F-09-FF-FE-08-FD-F1,20080029c1ea300,-85,1671095811.3486514
AC-1F-09-FF-FE-08-FD-F1,20080029c1ea300,-96,1671095818.7992637
AC-1F-09-FF-FE-08-FD-F1,20080029c1ea300,-97,1671095833.8099716
AC-1F-09-FF-FE-08-FD-F1,20080029c1ea300,-95,1671095856.2785583
AC-1F-09-FF-FE-08-FD-F1,20080029c5e3677,-117,1671095856.2903209
AC-1F-09-FF-FE-08-FD-F1,20080029c1ea300,-96,1671095863.808618
AC-1F-09-FF-FE-08-FD-F1,20080029c5e3677,-112,1671095878.7800877
AC-1F-09-FF-FE-08-FD-F1,20080029c1ea300,-99,1671095886.319195
AC-1F-09-FF-FE-08-FD-F1,20080029c1ea300,-93,1671095901.2899525
AC-1F-09-FF-FE-08-FD-F1,20080029c1ea300,-85,1671095908.7896194
AC-1F-09-FF-FE-08-FD-F1,20080029c1ea300,-89,1671095916.27847
AC-1F-09-FF-FE-08-FD-F1,20080029c1ea300,-92,1671095923.7797003
AC-1F-09-FF-FE-08-FD-F1,20080029c5e3677,-112,1671095931.2824683
AC-1F-09-FF-FE-08-FD-F1,20080029c1ea300,-87,1671095931.2984347
AC-1F-09-FF-FE-08-FD-F1,20080029c1ea300,-96,1671095938.8485577
AC-1F-09-FF-FE-08-FD-F1,20080029c1ea300,-93,1671095946.3692071
AC-1F-09-FF-FE-08-FD-F1,20080029c1ea300,-99,1671095953.788674
AC-1F-09-FF-FE-08-FD-F1,20080029c1ea300,-96,1671095968.8490996
AC-1F-09-FF-FE-08-FD-F1,20080029c5e3677,-114,1671095976.262846
AC-1F-09-FF-FE-08-FD-F1,20080029c1ea300,-97,1671095976.3589537
AC-1F-09-FF-FE-08-FD-F1,20080029c1ea300,-91,1671095991.2811294
AC-1F-09-FF-FE-08-FD-F1,20080029c1ea300,-85,1671095998.789167
AC-1F-09-FF-FE-08-FD-F1,20080029c1ea300,-102,1671096006.2791338
AC-1F-09-FF-FE-08-FD-F1,20080029c1ea300,-71,1671096013.8386586
AC-1F-09-FF-FE-08-FD-F1,20080029c5e3677,-112,1671096021.2723718
AC-1F-09-FF-FE-08-FD-F1,20080029c1ea300,-95,1671096021.3185053
AC-1F-09-FF-FE-08-FD-F1,20080029c1ea300,-91,1671096028.779673
AC-1F-09-FF-FE-08-FD-F1,20080029c1ea300,-89,1671096036.279194
AC-1F-09-FF-FE-08-FD-F1,20080029c1ea300,-92,1671096043.7794025
AC-1F-09-FF-FE-08-FD-F1,20080029c1ea300,-100,1671096058.7790792
AC-1F-09-FF-FE-08-FD-F1,20080029c1ea300,-99,1671096073.778592
AC-1F-09-FF-FE-08-FD-F1,20080029c1ea300,-99,1671096088.7595556
AC-1F-09-FF-FE-08-FD-F1,20080029c1ea300,-89,1671096103.79932
AC-1F-09-FF-FE-08-FD-F1,20080029c1ea300,-93,1671096118.7604163
AC-1F-09-FF-FE-08-FD-F1,20080029c1ea300,-97,1671096223.7596357
AC-1F-09-FF-FE-08-FD-E9,20080029c1ea300,-102,1671096827.8096383
AC-1F-09-FF-FE-08-FD-E9,20080029c1ea300,-91,1671096842.1496475
AC-1F-09-FF-FE-08-FD-E9,20080029c1ea300,-98,1671096849.6593375
AC-1F-09-FF-FE-08-FD-E9,20080029c1ea300,-105,1671096879.6592782
AC-1F-09-FF-FE-08-FD-E9,20080029c1ea300,-107,1671096887.159711
AC-1F-09-FF-FE-08-FD-E9,20080029c1ea300,-101,1671096924.6602018
AC-1F-09-FF-FE-08-FD-E9,20080029c1ea300,-102,1671096954.670466
AC-1F-09-FF-FE-08-FD-E9,20080029c1ea300,-101,1671097029.7044542
AC-1F-09-FF-FE-08-FD-E9,20080029c1ea300,-103,1671097052.2352095
AC-1F-09-FF-FE-08-FD-E9,20080029c1ea300,-103,1671097074.7246616
AC-1F-09-FF-FE-08-FD-E9,20080029c1ea300,-84,1671097082.225101
AC-1F-09-FF-FE-08-FD-E9,20080029c1ea300,-97,1671097097.2247941
AC-1F-09-FF-FE-08-FD-E9,2011c497bd1fcc1,-106,1671097112.1729765
AC-1F-09-FF-FE-08-FD-E9,2011c497bd1fcc1,-101,1671097119.6578364
AC-1F-09-FF-FE-08-FD-E9,20080029c1ea300,-88,1671097119.6850374
AC-1F-09-FF-FE-08-FD-E9,20080029c1ea300,-77,1671097127.225304
AC-1F-09-FF-FE-08-FD-E9,20080029c1ea300,-101,1671097134.724699
AC-1F-09-FF-FE-08-FD-E9,20080029c1ea300,-95,1671097149.665905
AC-1F-09-FF-FE-08-FD-E9,20080029c1ea300,-87,1671097157.1749504
AC-1F-09-FF-FE-08-FD-E9,20080029c1ea300,-89,1671097164.7352903
AC-1F-09-FF-FE-08-FD-E9,20080029c1ea300,-105,1671097172.2247832
AC-1F-09-FF-FE-08-FD-E9,20080029c1ea300,-88,1671097179.7255137
AC-1F-09-FF-FE-08-FD-E9,20080029c1ea300,-101,1671097187.2147849
AC-1F-09-FF-FE-08-FD-E9,20080029c1ea300,-87,1671097194.735522
AC-1F-09-FF-FE-08-FD-E9,20080029c1ea300,-79,1671097202.2347403
AC-1F-09-FF-FE-08-FD-E9,20080029c1ea300,-86,1671097209.7247036
AC-1F-09-FF-FE-08-FD-E9,20080029c1ea300,-95,1671097217.245395
AC-1F-09-FF-FE-08-FD-E9,20080029c1ea300,-78,1671097224.7751806
AC-1F-09-FF-FE-08-FD-E9,20080029c1ea300,-84,1671097239.7246404
AC-1F-09-FF-FE-08-FD-E9,20080029c1ea300,-85,1671097247.2048373
AC-1F-09-FF-FE-08-FD-E9,20080029c1ea300,-78,1671097254.7347903
AC-1F-09-FF-FE-08-FD-E9,2015813d349f6cc,-103,1671097262.1762676
AC-1F-09-FF-FE-08-FD-E9,20080029c1ea300,-97,1671097262.2347522
AC-1F-09-FF-FE-08-FD-E9,20080029c1e38f0,-117,1671097277.147574
AC-1F-09-FF-FE-08-FD-E9,20080029c1ea300,-85,1671097277.246359
AC-1F-09-FF-FE-08-FD-E9,20080029c1ea300,-80,1671097284.694858
AC-1F-09-FF-FE-08-FD-E9,20080029c1ea300,-89,1671097292.2449346
AC-1F-09-FF-FE-08-FD-E9,20080029c1ea300,-93,1671097299.7346435
AC-1F-09-FF-FE-08-FD-E9,20080029c1e38f0,-120,1671097307.1471167
AC-1F-09-FF-FE-08-FD-E9,20080029c1e38f0,-121,1671097314.647284
AC-1F-09-FF-FE-08-FD-E9,20080029c1ea300,-93,1671097314.735053
AC-1F-09-FF-FE-08-FD-E9,20080029c1ea300,-87,1671097322.265622
AC-1F-09-FF-FE-08-FD-E9,20080029c1ea300,-84,1671097329.6549666
AC-1F-09-FF-FE-08-FD-E9,20080029c1e38f0,-119,1671097337.1562614
AC-1F-09-FF-FE-08-FD-E9,20080029c1ea300,-83,1671097337.1646118
AC-1F-09-FF-FE-08-FD-E9,20080029c1e38f0,-119,1671097344.6494818
AC-1F-09-FF-FE-08-FD-E9,20080029c1ea300,-85,1671097344.7248392
AC-1F-09-FF-FE-08-FD-E9,20080029c1ea300,-83,1671097352.2247689
AC-1F-09-FF-FE-08-FD-E9,20080029c1ea300,-86,1671097359.724937
AC-1F-09-FF-FE-08-FD-E9,20080029c1ea300,-93,1671097367.2046263
AC-1F-09-FF-FE-08-FD-E9,20080029c1e38f0,-118,1671097374.6683466
AC-1F-09-FF-FE-08-FD-E9,20080029c1ea300,-91,1671097382.2053823
AC-1F-09-FF-FE-08-FD-E9,20080029c1ea300,-90,1671097389.7148798
AC-1F-09-FF-FE-08-FD-E9,20080029c1ea300,-81,1671097397.2448907
AC-1F-09-FF-FE-08-FD-E9,20080029c1ea300,-78,1671097404.7244892
AC-1F-09-FF-FE-08-FD-E9,20080029c1e38f0,-119,1671097412.168572
AC-1F-09-FF-FE-08-FD-E9,20080029c1ea300,-89,1671097412.2147284
AC-1F-09-FF-FE-08-FD-E9,20080029c1ea300,-83,1671097419.7350323
AC-1F-09-FF-FE-08-FD-E9,20080029c1ea300,-84,1671097427.1946797
AC-1F-09-FF-FE-08-FD-E9,20080029c1ea300,-90,1671097434.6651435
AC-1F-09-FF-FE-08-FD-E9,20080029c1ea300,-84,1671097442.1552327
AC-1F-09-FF-FE-08-FD-E9,20080029c1ea300,-88,1671097449.7544746
AC-1F-09-FF-FE-08-FD-E9,20080029c1ea300,-89,1671097464.7447724
AC-1F-09-FF-FE-08-FD-E9,20080029c1ea300,-87,1671097472.2354825
AC-1F-09-FF-FE-08-FD-E9,20080029c1ea300,-93,1671097479.7251875
AC-1F-09-FF-FE-08-FD-E9,20080029c1ea300,-97,1671097487.1953378
AC-1F-09-FF-FE-08-FD-E9,20080029c1ea300,-89,1671097494.7149568
AC-1F-09-FF-FE-08-FD-E9,20080029c1ea300,-95,1671097502.2148614
AC-1F-09-FF-FE-08-FD-E9,20080029c1ea300,-95,1671097509.6651926
AC-1F-09-FF-FE-08-FD-E9,20080029c1ea300,-90,1671097517.1547394
AC-1F-09-FF-FE-08-FD-E9,2011c497bd1fcc1,-106,1671097524.6886451
AC-1F-09-FF-FE-08-FD-E9,20080029c1ea300,-90,1671097524.7352126
AC-1F-09-FF-FE-08-FD-E9,2011c497bd1fcc1,-106,1671097532.159722
AC-1F-09-FF-FE-08-FD-E9,20080029c1ea300,-95,1671097532.2345679
AC-1F-09-FF-FE-08-FD-E9,2001c497bd1fcc1,-105,1671097539.687171
AC-1F-09-FF-FE-08-FD-E9,20080029c1ea300,-96,1671097554.7248669
AC-1F-09-FF-FE-08-FD-F1,20080029c1ea300,-79,1671097853.6230774
